START,END,UTC,READABLE_START,READABLE_END,PHONE_STEP,WEARABLE_STEP,BOUT_TYPE,STEP,DUT
1648167660000,1648167720000,UTC+0900,2022-03-25 09:21:00,2022-03-25 09:22:00,13.0,0.0,PHONE_ONLY,13.0,1
1648168260000,1648168320000,UTC+0900,2022-03-25 09:31:00,2022-03-25 09:32:00,13.0,0.0,PHONE_ONLY,13.0,1
1648172100000,1648172160000,UTC+0900,2022-03-25 10:35:00,2022-03-25 10:36:00,7.0,0.0,PHONE_ONLY,7.0,1
1648177680000,1648177740000,UTC+0900,2022-03-25 12:08:00,2022-03-25 12:09:00,9.0,0.0,PHONE_ONLY,9.0,1
1648244220000,1648244280000,UTC+0900,2022-03-26 06:37:00,2022-03-26 06:38:00,20.0,0.0,PHONE_ONLY,20.0,1
1648261080000,1648261200000,UTC+0900,2022-03-26 11:18:00,2022-03-26 11:20:00,17.0,0.0,PHONE_ONLY,17.0,2
1648268280000,1648268340000,UTC+0900,2022-03-26 13:18:00,2022-03-26 13:19:00,7.0,0.0,PHONE_ONLY,7.0,1
1648292220000,1648292280000,UTC+0900,2022-03-26 19:57:00,2022-03-26 19:58:00,10.0,0.0,PHONE_ONLY,10.0,1
1648292700000,1648292760000,UTC+0900,2022-03-26 20:05:00,2022-03-26 20:06:00,14.0,0.0,PHONE_ONLY,14.0,1
1648311300000,1648311360000,UTC+0900,2022-03-27 01:15:00,2022-03-27 01:16:00,45.0,0.0,PHONE_ONLY,45.0,1
1648312140000,1648312800000,UTC+0900,2022-03-27 01:29:00,2022-03-27 01:40:00,811.0,0.0,PHONE_ONLY,811.0,11
1648313100000,1648313220000,UTC+0900,2022-03-27 01:45:00,2022-03-27 01:47:00,0.0,18.0,WEARABLE_ONLY,18.0,2
1648313280000,1648315200000,UTC+0900,2022-03-27 01:48:00,2022-03-27 02:20:00,2831.0,2844.0,BOTH,2837.5,32
1648320300000,1648320720000,UTC+0900,2022-03-27 03:45:00,2022-03-27 03:52:00,483.0,466.0,BOTH,474.5,7
1648320900000,1648320960000,UTC+0900,2022-03-27 03:55:00,2022-03-27 03:56:00,7.0,0.0,PHONE_ONLY,7.0,1
1648321320000,1648323600000,UTC+0900,2022-03-27 04:02:00,2022-03-27 04:40:00,3391.0,3244.0,BOTH,3317.5,38
1648323660000,1648323720000,UTC+0900,2022-03-27 04:41:00,2022-03-27 04:42:00,0.0,10.0,WEARABLE_ONLY,10.0,1
1648344300000,1648344360000,UTC+0900,2022-03-27 10:25:00,2022-03-27 10:26:00,6.0,0.0,PHONE_ONLY,6.0,1
1648346940000,1648347000000,UTC+0900,2022-03-27 11:09:00,2022-03-27 11:10:00,14.0,0.0,PHONE_ONLY,14.0,1
1648348620000,1648348680000,UTC+0900,2022-03-27 11:37:00,2022-03-27 11:38:00,14.0,0.0,PHONE_ONLY,14.0,1
1648351920000,1648351980000,UTC+0900,2022-03-27 12:32:00,2022-03-27 12:33:00,9.0,0.0,PHONE_ONLY,9.0,1
1648485300000,1648485540000,UTC+0900,2022-03-29 01:35:00,2022-03-29 01:39:00,186.0,0.0,PHONE_ONLY,186.0,4
1648486320000,1648486380000,UTC+0900,2022-03-29 01:52:00,2022-03-29 01:53:00,7.0,0.0,PHONE_ONLY,7.0,1
1648501380000,1648501500000,UTC+0900,2022-03-29 06:03:00,2022-03-29 06:05:00,14.0,0.0,PHONE_ONLY,14.0,2
1648501980000,1648502040000,UTC+0900,2022-03-29 06:13:00,2022-03-29 06:14:00,6.0,0.0,PHONE_ONLY,6.0,1
1648507080000,1648507140000,UTC+0900,2022-03-29 07:38:00,2022-03-29 07:39:00,20.0,0.0,PHONE_ONLY,20.0,1
1648511400000,1648511460000,UTC+0900,2022-03-29 08:50:00,2022-03-29 08:51:00,16.0,0.0,PHONE_ONLY,16.0,1
1648537380000,1648537440000,UTC+0900,2022-03-29 16:03:00,2022-03-29 16:04:00,16.0,0.0,PHONE_ONLY,16.0,1
1648540980000,1648541040000,UTC+0900,2022-03-29 17:03:00,2022-03-29 17:04:00,8.0,0.0,PHONE_ONLY,8.0,1
1648569720000,1648569780000,UTC+0900,2022-03-30 01:02:00,2022-03-30 01:03:00,65.0,0.0,PHONE_ONLY,65.0,1
1648569840000,1648569960000,UTC+0900,2022-03-30 01:04:00,2022-03-30 01:06:00,66.0,0.0,PHONE_ONLY,66.0,2
1648571760000,1648571880000,UTC+0900,2022-03-30 01:36:00,2022-03-30 01:38:00,83.0,0.0,PHONE_ONLY,83.0,2
1648571940000,1648572060000,UTC+0900,2022-03-30 01:39:00,2022-03-30 01:41:00,82.0,0.0,PHONE_ONLY,82.0,2
1648573260000,1648573560000,UTC+0900,2022-03-30 02:01:00,2022-03-30 02:06:00,162.0,0.0,PHONE_ONLY,162.0,5
1648575240000,1648575300000,UTC+0900,2022-03-30 02:34:00,2022-03-30 02:35:00,51.0,0.0,PHONE_ONLY,51.0,1
1648575360000,1648575840000,UTC+0900,2022-03-30 02:36:00,2022-03-30 02:44:00,146.0,0.0,PHONE_ONLY,146.0,8
1648575960000,1648576980000,UTC+0900,2022-03-30 02:46:00,2022-03-30 03:03:00,1578.0,0.0,PHONE_ONLY,1578.0,17
1648577100000,1648577820000,UTC+0900,2022-03-30 03:05:00,2022-03-30 03:17:00,579.0,0.0,PHONE_ONLY,579.0,12
1648577880000,1648578780000,UTC+0900,2022-03-30 03:18:00,2022-03-30 03:33:00,1540.0,0.0,PHONE_ONLY,1540.0,15
1648579080000,1648579140000,UTC+0900,2022-03-30 03:38:00,2022-03-30 03:39:00,8.0,0.0,PHONE_ONLY,8.0,1
1648583640000,1648583700000,UTC+0900,2022-03-30 04:54:00,2022-03-30 04:55:00,0.0,33.0,WEARABLE_ONLY,33.0,1
1648583760000,1648583820000,UTC+0900,2022-03-30 04:56:00,2022-03-30 04:57:00,0.0,12.0,WEARABLE_ONLY,12.0,1
1648583940000,1648584000000,UTC+0900,2022-03-30 04:59:00,2022-03-30 05:00:00,0.0,32.0,WEARABLE_ONLY,32.0,1
1648584060000,1648584120000,UTC+0900,2022-03-30 05:01:00,2022-03-30 05:02:00,0.0,21.0,WEARABLE_ONLY,21.0,1
1648584180000,1648584240000,UTC+0900,2022-03-30 05:03:00,2022-03-30 05:04:00,0.0,14.0,WEARABLE_ONLY,14.0,1
1648585620000,1648585860000,UTC+0900,2022-03-30 05:27:00,2022-03-30 05:31:00,0.0,72.0,WEARABLE_ONLY,72.0,4
1648586220000,1648587060000,UTC+0900,2022-03-30 05:37:00,2022-03-30 05:51:00,914.0,898.0,BOTH,906.0,14
1648587240000,1648587300000,UTC+0900,2022-03-30 05:54:00,2022-03-30 05:55:00,8.0,15.0,BOTH,11.5,1
1648587720000,1648587900000,UTC+0900,2022-03-30 06:02:00,2022-03-30 06:05:00,0.0,135.0,WEARABLE_ONLY,135.0,3
1648588080000,1648588320000,UTC+0900,2022-03-30 06:08:00,2022-03-30 06:12:00,37.0,0.0,PHONE_ONLY,37.0,4
1648588380000,1648588620000,UTC+0900,2022-03-30 06:13:00,2022-03-30 06:17:00,69.0,55.0,BOTH,62.0,4
1648588680000,1648588800000,UTC+0900,2022-03-30 06:18:00,2022-03-30 06:20:00,0.0,20.0,WEARABLE_ONLY,20.0,2
1648591140000,1648591200000,UTC+0900,2022-03-30 06:59:00,2022-03-30 07:00:00,0.0,13.0,WEARABLE_ONLY,13.0,1
1648599780000,1648600500000,UTC+0900,2022-03-30 09:23:00,2022-03-30 09:35:00,896.0,812.0,BOTH,854.0,12
1648600860000,1648600920000,UTC+0900,2022-03-30 09:41:00,2022-03-30 09:42:00,0.0,14.0,WEARABLE_ONLY,14.0,1
1648602660000,1648602780000,UTC+0900,2022-03-30 10:11:00,2022-03-30 10:13:00,19.0,54.0,BOTH,36.5,2
1648603080000,1648603200000,UTC+0900,2022-03-30 10:18:00,2022-03-30 10:20:00,0.0,15.0,WEARABLE_ONLY,15.0,2
1648603260000,1648603320000,UTC+0900,2022-03-30 10:21:00,2022-03-30 10:22:00,0.0,47.0,WEARABLE_ONLY,47.0,1
1648603560000,1648603620000,UTC+0900,2022-03-30 10:26:00,2022-03-30 10:27:00,17.0,10.0,BOTH,13.5,1
1648613040000,1648613160000,UTC+0900,2022-03-30 13:04:00,2022-03-30 13:06:00,18.0,0.0,PHONE_ONLY,18.0,2
1648638180000,1648638240000,UTC+0900,2022-03-30 20:03:00,2022-03-30 20:04:00,11.0,0.0,PHONE_ONLY,11.0,1
1648641960000,1648642020000,UTC+0900,2022-03-30 21:06:00,2022-03-30 21:07:00,12.0,0.0,PHONE_ONLY,12.0,1
1648642500000,1648642560000,UTC+0900,2022-03-30 21:15:00,2022-03-30 21:16:00,6.0,0.0,PHONE_ONLY,6.0,1
1648645860000,1648645920000,UTC+0900,2022-03-30 22:11:00,2022-03-30 22:12:00,12.0,0.0,PHONE_ONLY,12.0,1
1648652760000,1648653540000,UTC+0900,2022-03-31 00:06:00,2022-03-31 00:19:00,1110.0,1061.0,BOTH,1085.5,13
1648653660000,1648653840000,UTC+0900,2022-03-31 00:21:00,2022-03-31 00:24:00,38.0,26.0,BOTH,32.0,3
1648657140000,1648657260000,UTC+0900,2022-03-31 01:19:00,2022-03-31 01:21:00,97.0,119.0,BOTH,108.0,2
1648657320000,1648657440000,UTC+0900,2022-03-31 01:22:00,2022-03-31 01:24:00,89.0,92.0,BOTH,90.5,2
1648659120000,1648659420000,UTC+0900,2022-03-31 01:52:00,2022-03-31 01:57:00,375.0,289.0,BOTH,332.0,5
1648659540000,1648659720000,UTC+0900,2022-03-31 01:59:00,2022-03-31 02:02:00,0.0,46.0,WEARABLE_ONLY,46.0,3
1648659900000,1648659960000,UTC+0900,2022-03-31 02:05:00,2022-03-31 02:06:00,0.0,17.0,WEARABLE_ONLY,17.0,1
1648661700000,1648661880000,UTC+0900,2022-03-31 02:35:00,2022-03-31 02:38:00,202.0,203.0,BOTH,202.5,3
1648662480000,1648662540000,UTC+0900,2022-03-31 02:48:00,2022-03-31 02:49:00,0.0,12.0,WEARABLE_ONLY,12.0,1
1648664820000,1648664880000,UTC+0900,2022-03-31 03:27:00,2022-03-31 03:28:00,88.0,82.0,BOTH,85.0,1
1648664940000,1648665060000,UTC+0900,2022-03-31 03:29:00,2022-03-31 03:31:00,0.0,25.0,WEARABLE_ONLY,25.0,2
1648666500000,1648666560000,UTC+0900,2022-03-31 03:55:00,2022-03-31 03:56:00,0.0,0.0,BOTH,0.0,1
1648668120000,1648668240000,UTC+0900,2022-03-31 04:22:00,2022-03-31 04:24:00,94.0,86.0,BOTH,90.0,2
1648668960000,1648669020000,UTC+0900,2022-03-31 04:36:00,2022-03-31 04:37:00,9.0,18.0,BOTH,13.5,1
1648669140000,1648669800000,UTC+0900,2022-03-31 04:39:00,2022-03-31 04:50:00,847.0,766.0,BOTH,806.5,11
1648669920000,1648669980000,UTC+0900,2022-03-31 04:52:00,2022-03-31 04:53:00,0.0,14.0,WEARABLE_ONLY,14.0,1
1648670280000,1648671240000,UTC+0900,2022-03-31 04:58:00,2022-03-31 05:14:00,1744.0,1616.0,BOTH,1680.0,16
1648671300000,1648671720000,UTC+0900,2022-03-31 05:15:00,2022-03-31 05:22:00,609.0,544.0,BOTH,576.5,7
1648671780000,1648671960000,UTC+0900,2022-03-31 05:23:00,2022-03-31 05:26:00,62.0,25.0,BOTH,43.5,3
1648672020000,1648672140000,UTC+0900,2022-03-31 05:27:00,2022-03-31 05:29:00,38.0,31.0,BOTH,34.5,2
1648672200000,1648672260000,UTC+0900,2022-03-31 05:30:00,2022-03-31 05:31:00,9.0,0.0,PHONE_ONLY,9.0,1
1648672320000,1648672620000,UTC+0900,2022-03-31 05:32:00,2022-03-31 05:37:00,131.0,111.0,BOTH,121.0,5
1648672680000,1648672860000,UTC+0900,2022-03-31 05:38:00,2022-03-31 05:41:00,155.0,157.0,BOTH,156.0,3
1648672980000,1648673160000,UTC+0900,2022-03-31 05:43:00,2022-03-31 05:46:00,153.0,153.0,BOTH,153.0,3
1648673280000,1648674900000,UTC+0900,2022-03-31 05:48:00,2022-03-31 06:15:00,2257.0,2119.0,BOTH,2188.0,27
1648674960000,1648675020000,UTC+0900,2022-03-31 06:16:00,2022-03-31 06:17:00,0.0,21.0,WEARABLE_ONLY,21.0,1
1648675500000,1648675560000,UTC+0900,2022-03-31 06:25:00,2022-03-31 06:26:00,0.0,10.0,WEARABLE_ONLY,10.0,1
1648677000000,1648677120000,UTC+0900,2022-03-31 06:50:00,2022-03-31 06:52:00,0.0,26.0,WEARABLE_ONLY,26.0,2
1648679280000,1648679340000,UTC+0900,2022-03-31 07:28:00,2022-03-31 07:29:00,18.0,17.0,BOTH,17.5,1
1648679580000,1648679640000,UTC+0900,2022-03-31 07:33:00,2022-03-31 07:34:00,0.0,16.0,WEARABLE_ONLY,16.0,1
1648683360000,1648683420000,UTC+0900,2022-03-31 08:36:00,2022-03-31 08:37:00,10.0,0.0,PHONE_ONLY,10.0,1
1648683480000,1648683720000,UTC+0900,2022-03-31 08:38:00,2022-03-31 08:42:00,0.0,55.0,WEARABLE_ONLY,55.0,4
1648684260000,1648684320000,UTC+0900,2022-03-31 08:51:00,2022-03-31 08:52:00,0.0,28.0,WEARABLE_ONLY,28.0,1
1648684380000,1648684440000,UTC+0900,2022-03-31 08:53:00,2022-03-31 08:54:00,15.0,0.0,PHONE_ONLY,15.0,1
1648684740000,1648684800000,UTC+0900,2022-03-31 08:59:00,2022-03-31 09:00:00,0.0,11.0,WEARABLE_ONLY,11.0,1
1648686540000,1648686660000,UTC+0900,2022-03-31 09:29:00,2022-03-31 09:31:00,0.0,29.0,WEARABLE_ONLY,29.0,2
1648687920000,1648687980000,UTC+0900,2022-03-31 09:52:00,2022-03-31 09:53:00,0.0,51.0,WEARABLE_ONLY,51.0,1
1648688040000,1648688280000,UTC+0900,2022-03-31 09:54:00,2022-03-31 09:58:00,0.0,79.0,WEARABLE_ONLY,79.0,4
1648688340000,1648688460000,UTC+0900,2022-03-31 09:59:00,2022-03-31 10:01:00,0.0,23.0,WEARABLE_ONLY,23.0,2
1648692660000,1648692720000,UTC+0900,2022-03-31 11:11:00,2022-03-31 11:12:00,0.0,12.0,WEARABLE_ONLY,12.0,1
1648693980000,1648694100000,UTC+0900,2022-03-31 11:33:00,2022-03-31 11:35:00,0.0,21.0,WEARABLE_ONLY,21.0,2
1648694280000,1648694400000,UTC+0900,2022-03-31 11:38:00,2022-03-31 11:40:00,0.0,32.0,WEARABLE_ONLY,32.0,2
1648695960000,1648696080000,UTC+0900,2022-03-31 12:06:00,2022-03-31 12:08:00,0.0,21.0,WEARABLE_ONLY,21.0,2
1648697760000,1648697880000,UTC+0900,2022-03-31 12:36:00,2022-03-31 12:38:00,0.0,33.0,WEARABLE_ONLY,33.0,2
1648700520000,1648700640000,UTC+0900,2022-03-31 13:22:00,2022-03-31 13:24:00,17.0,0.0,PHONE_ONLY,17.0,2
1648714320000,1648714380000,UTC+0900,2022-03-31 17:12:00,2022-03-31 17:13:00,23.0,0.0,PHONE_ONLY,23.0,1
1648715400000,1648715460000,UTC+0900,2022-03-31 17:30:00,2022-03-31 17:31:00,8.0,0.0,PHONE_ONLY,8.0,1
1648718700000,1648718760000,UTC+0900,2022-03-31 18:25:00,2022-03-31 18:26:00,6.0,0.0,PHONE_ONLY,6.0,1
1648730460000,1648730520000,UTC+0900,2022-03-31 21:41:00,2022-03-31 21:42:00,6.0,0.0,PHONE_ONLY,6.0,1
1648731120000,1648731180000,UTC+0900,2022-03-31 21:52:00,2022-03-31 21:53:00,9.0,0.0,PHONE_ONLY,9.0,1
1648741140000,1648741200000,UTC+0900,2022-04-01 00:39:00,2022-04-01 00:40:00,11.0,0.0,PHONE_ONLY,11.0,1
1648741500000,1648741620000,UTC+0900,2022-04-01 00:45:00,2022-04-01 00:47:00,26.0,0.0,PHONE_ONLY,26.0,2
1648767000000,1648767060000,UTC+0900,2022-04-01 07:50:00,2022-04-01 07:51:00,13.0,0.0,PHONE_ONLY,13.0,1
1648767360000,1648767480000,UTC+0900,2022-04-01 07:56:00,2022-04-01 07:58:00,8.0,0.0,PHONE_ONLY,8.0,2
1648841580000,1648841700000,UTC+0900,2022-04-02 04:33:00,2022-04-02 04:35:00,0.0,26.0,WEARABLE_ONLY,26.0,2
1648841820000,1648843920000,UTC+0900,2022-04-02 04:37:00,2022-04-02 05:12:00,3566.0,3520.0,BOTH,3543.0,35
1648843980000,1648844040000,UTC+0900,2022-04-02 05:13:00,2022-04-02 05:14:00,0.0,7.0,WEARABLE_ONLY,7.0,1
1648844100000,1648844160000,UTC+0900,2022-04-02 05:15:00,2022-04-02 05:16:00,0.0,26.0,WEARABLE_ONLY,26.0,1
1648844220000,1648844340000,UTC+0900,2022-04-02 05:17:00,2022-04-02 05:19:00,0.0,38.0,WEARABLE_ONLY,38.0,2
1648846560000,1648846620000,UTC+0900,2022-04-02 05:56:00,2022-04-02 05:57:00,0.0,10.0,WEARABLE_ONLY,10.0,1
1648847820000,1648847880000,UTC+0900,2022-04-02 06:17:00,2022-04-02 06:18:00,0.0,14.0,WEARABLE_ONLY,14.0,1
1648848780000,1648848840000,UTC+0900,2022-04-02 06:33:00,2022-04-02 06:34:00,0.0,13.0,WEARABLE_ONLY,13.0,1
1648849020000,1648849080000,UTC+0900,2022-04-02 06:37:00,2022-04-02 06:38:00,0.0,13.0,WEARABLE_ONLY,13.0,1
1648850160000,1648850280000,UTC+0900,2022-04-02 06:56:00,2022-04-02 06:58:00,0.0,52.0,WEARABLE_ONLY,52.0,2
1648855260000,1648855320000,UTC+0900,2022-04-02 08:21:00,2022-04-02 08:22:00,0.0,13.0,WEARABLE_ONLY,13.0,1
1648862160000,1648862280000,UTC+0900,2022-04-02 10:16:00,2022-04-02 10:18:00,0.0,23.0,WEARABLE_ONLY,23.0,2
1648863300000,1648863360000,UTC+0900,2022-04-02 10:35:00,2022-04-02 10:36:00,0.0,45.0,WEARABLE_ONLY,45.0,1
1648863420000,1648863480000,UTC+0900,2022-04-02 10:37:00,2022-04-02 10:38:00,0.0,21.0,WEARABLE_ONLY,21.0,1
1648865160000,1648865220000,UTC+0900,2022-04-02 11:06:00,2022-04-02 11:07:00,0.0,12.0,WEARABLE_ONLY,12.0,1
1648867620000,1648867680000,UTC+0900,2022-04-02 11:47:00,2022-04-02 11:48:00,0.0,12.0,WEARABLE_ONLY,12.0,1
1648868100000,1648868160000,UTC+0900,2022-04-02 11:55:00,2022-04-02 11:56:00,0.0,26.0,WEARABLE_ONLY,26.0,1
1648868220000,1648868280000,UTC+0900,2022-04-02 11:57:00,2022-04-02 11:58:00,0.0,10.0,WEARABLE_ONLY,10.0,1
1648916520000,1648916760000,UTC+0900,2022-04-03 01:22:00,2022-04-03 01:26:00,223.0,236.0,BOTH,229.5,4
1648916820000,1648918860000,UTC+0900,2022-04-03 01:27:00,2022-04-03 02:01:00,3374.0,3309.0,BOTH,3341.5,34
1648920300000,1648920360000,UTC+0900,2022-04-03 02:25:00,2022-04-03 02:26:00,0.0,13.0,WEARABLE_ONLY,13.0,1
1648920720000,1648920840000,UTC+0900,2022-04-03 02:32:00,2022-04-03 02:34:00,0.0,22.0,WEARABLE_ONLY,22.0,2
1648923060000,1648923120000,UTC+0900,2022-04-03 03:11:00,2022-04-03 03:12:00,8.0,0.0,PHONE_ONLY,8.0,1
1648924620000,1648924800000,UTC+0900,2022-04-03 03:37:00,2022-04-03 03:40:00,0.0,119.0,WEARABLE_ONLY,119.0,3
1648929240000,1648929300000,UTC+0900,2022-04-03 04:54:00,2022-04-03 04:55:00,0.0,10.0,WEARABLE_ONLY,10.0,1
1648936560000,1648936680000,UTC+0900,2022-04-03 06:56:00,2022-04-03 06:58:00,0.0,29.0,WEARABLE_ONLY,29.0,2
1648991100000,1648991160000,UTC+0900,2022-04-03 22:05:00,2022-04-03 22:06:00,15.0,0.0,PHONE_ONLY,15.0,1
1649101740000,1649101800000,UTC+0900,2022-04-05 04:49:00,2022-04-05 04:50:00,21.0,0.0,PHONE_ONLY,21.0,1
1649106540000,1649106660000,UTC+0900,2022-04-05 06:09:00,2022-04-05 06:11:00,84.0,0.0,PHONE_ONLY,84.0,2
1649107200000,1649107260000,UTC+0900,2022-04-05 06:20:00,2022-04-05 06:21:00,0.0,0.0,BOTH,0.0,1
1649151840000,1649151900000,UTC+0900,2022-04-05 18:44:00,2022-04-05 18:45:00,8.0,0.0,PHONE_ONLY,8.0,1
1649155740000,1649155800000,UTC+0900,2022-04-05 19:49:00,2022-04-05 19:50:00,15.0,0.0,PHONE_ONLY,15.0,1
1649156400000,1649156460000,UTC+0900,2022-04-05 20:00:00,2022-04-05 20:01:00,6.0,0.0,PHONE_ONLY,6.0,1
1649156820000,1649156880000,UTC+0900,2022-04-05 20:07:00,2022-04-05 20:08:00,12.0,0.0,PHONE_ONLY,12.0,1
1649171340000,1649171400000,UTC+0900,2022-04-06 00:09:00,2022-04-06 00:10:00,0.0,33.0,WEARABLE_ONLY,33.0,1
1649171520000,1649172120000,UTC+0900,2022-04-06 00:12:00,2022-04-06 00:22:00,869.0,895.0,BOTH,882.0,10
1649172540000,1649172600000,UTC+0900,2022-04-06 00:29:00,2022-04-06 00:30:00,9.0,0.0,PHONE_ONLY,9.0,1
1649174520000,1649174580000,UTC+0900,2022-04-06 01:02:00,2022-04-06 01:03:00,49.0,12.0,BOTH,30.5,1
1649174640000,1649174940000,UTC+0900,2022-04-06 01:04:00,2022-04-06 01:09:00,110.0,133.0,BOTH,121.5,5
1649175060000,1649175120000,UTC+0900,2022-04-06 01:11:00,2022-04-06 01:12:00,25.0,24.0,BOTH,24.5,1
1649175180000,1649175240000,UTC+0900,2022-04-06 01:13:00,2022-04-06 01:14:00,36.0,13.0,BOTH,24.5,1
1649175300000,1649175360000,UTC+0900,2022-04-06 01:15:00,2022-04-06 01:16:00,0.0,0.0,BOTH,0.0,1
1649180280000,1649180340000,UTC+0900,2022-04-06 02:38:00,2022-04-06 02:39:00,0.0,17.0,WEARABLE_ONLY,17.0,1
1649183340000,1649183400000,UTC+0900,2022-04-06 03:29:00,2022-04-06 03:30:00,0.0,58.0,WEARABLE_ONLY,58.0,1
1649183460000,1649183580000,UTC+0900,2022-04-06 03:31:00,2022-04-06 03:33:00,0.0,75.0,WEARABLE_ONLY,75.0,2
1649184300000,1649184360000,UTC+0900,2022-04-06 03:45:00,2022-04-06 03:46:00,0.0,11.0,WEARABLE_ONLY,11.0,1
1649184420000,1649184480000,UTC+0900,2022-04-06 03:47:00,2022-04-06 03:48:00,0.0,14.0,WEARABLE_ONLY,14.0,1
1649184660000,1649184720000,UTC+0900,2022-04-06 03:51:00,2022-04-06 03:52:00,0.0,10.0,WEARABLE_ONLY,10.0,1
1649185380000,1649185440000,UTC+0900,2022-04-06 04:03:00,2022-04-06 04:04:00,0.0,19.0,WEARABLE_ONLY,19.0,1
1649191740000,1649191800000,UTC+0900,2022-04-06 05:49:00,2022-04-06 05:50:00,0.0,14.0,WEARABLE_ONLY,14.0,1
1649191860000,1649191920000,UTC+0900,2022-04-06 05:51:00,2022-04-06 05:52:00,39.0,30.0,BOTH,34.5,1
1649191980000,1649192520000,UTC+0900,2022-04-06 05:53:00,2022-04-06 06:02:00,711.0,748.0,BOTH,729.5,9
1649192580000,1649192700000,UTC+0900,2022-04-06 06:03:00,2022-04-06 06:05:00,0.0,46.0,WEARABLE_ONLY,46.0,2
1649193000000,1649193060000,UTC+0900,2022-04-06 06:10:00,2022-04-06 06:11:00,0.0,11.0,WEARABLE_ONLY,11.0,1
1649193420000,1649193480000,UTC+0900,2022-04-06 06:17:00,2022-04-06 06:18:00,0.0,13.0,WEARABLE_ONLY,13.0,1
1649194920000,1649194980000,UTC+0900,2022-04-06 06:42:00,2022-04-06 06:43:00,0.0,11.0,WEARABLE_ONLY,11.0,1
1649195280000,1649195340000,UTC+0900,2022-04-06 06:48:00,2022-04-06 06:49:00,0.0,23.0,WEARABLE_ONLY,23.0,1
1649197560000,1649197620000,UTC+0900,2022-04-06 07:26:00,2022-04-06 07:27:00,0.0,11.0,WEARABLE_ONLY,11.0,1
1649199480000,1649199540000,UTC+0900,2022-04-06 07:58:00,2022-04-06 07:59:00,0.0,14.0,WEARABLE_ONLY,14.0,1
1649221500000,1649221560000,UTC+0900,2022-04-06 14:05:00,2022-04-06 14:06:00,12.0,0.0,PHONE_ONLY,12.0,1
1649237640000,1649237700000,UTC+0900,2022-04-06 18:34:00,2022-04-06 18:35:00,12.0,0.0,PHONE_ONLY,12.0,1
1649288460000,1649288520000,UTC+0900,2022-04-07 08:41:00,2022-04-07 08:42:00,61.0,0.0,PHONE_ONLY,61.0,1
1649288880000,1649288940000,UTC+0900,2022-04-07 08:48:00,2022-04-07 08:49:00,0.0,0.0,BOTH,0.0,1
1649319720000,1649319780000,UTC+0900,2022-04-07 17:22:00,2022-04-07 17:23:00,14.0,0.0,PHONE_ONLY,14.0,1
1649330820000,1649330880000,UTC+0900,2022-04-07 20:27:00,2022-04-07 20:28:00,10.0,0.0,PHONE_ONLY,10.0,1
1649330940000,1649331000000,UTC+0900,2022-04-07 20:29:00,2022-04-07 20:30:00,24.0,0.0,PHONE_ONLY,24.0,1
1649336340000,1649336400000,UTC+0900,2022-04-07 21:59:00,2022-04-07 22:00:00,10.0,0.0,PHONE_ONLY,10.0,1
1649341980000,1649342040000,UTC+0900,2022-04-07 23:33:00,2022-04-07 23:34:00,6.0,0.0,PHONE_ONLY,6.0,1
1649348520000,1649348580000,UTC+0900,2022-04-08 01:22:00,2022-04-08 01:23:00,7.0,0.0,PHONE_ONLY,7.0,1
1649351880000,1649351940000,UTC+0900,2022-04-08 02:18:00,2022-04-08 02:19:00,9.0,0.0,PHONE_ONLY,9.0,1
1649352000000,1649352060000,UTC+0900,2022-04-08 02:20:00,2022-04-08 02:21:00,9.0,0.0,PHONE_ONLY,9.0,1
1649352780000,1649352840000,UTC+0900,2022-04-08 02:33:00,2022-04-08 02:34:00,0.0,0.0,BOTH,0.0,1
1649379240000,1649379480000,UTC+0900,2022-04-08 09:54:00,2022-04-08 09:58:00,123.0,0.0,PHONE_ONLY,123.0,4
1649386500000,1649386620000,UTC+0900,2022-04-08 11:55:00,2022-04-08 11:57:00,8.0,0.0,PHONE_ONLY,8.0,2
1649388120000,1649388180000,UTC+0900,2022-04-08 12:22:00,2022-04-08 12:23:00,8.0,0.0,PHONE_ONLY,8.0,1
1649388300000,1649388360000,UTC+0900,2022-04-08 12:25:00,2022-04-08 12:26:00,8.0,0.0,PHONE_ONLY,8.0,1
1649392500000,1649392560000,UTC+0900,2022-04-08 13:35:00,2022-04-08 13:36:00,7.0,0.0,PHONE_ONLY,7.0,1
1649412780000,1649412840000,UTC+0900,2022-04-08 19:13:00,2022-04-08 19:14:00,13.0,0.0,PHONE_ONLY,13.0,1
1649422980000,1649423040000,UTC+0900,2022-04-08 22:03:00,2022-04-08 22:04:00,8.0,0.0,PHONE_ONLY,8.0,1
1649426340000,1649426400000,UTC+0900,2022-04-08 22:59:00,2022-04-08 23:00:00,20.0,0.0,PHONE_ONLY,20.0,1
1649426580000,1649427060000,UTC+0900,2022-04-08 23:03:00,2022-04-08 23:11:00,693.0,657.0,BOTH,675.0,8
1649427900000,1649428020000,UTC+0900,2022-04-08 23:25:00,2022-04-08 23:27:00,0.0,20.0,WEARABLE_ONLY,20.0,2
1649430120000,1649430180000,UTC+0900,2022-04-09 00:02:00,2022-04-09 00:03:00,0.0,10.0,WEARABLE_ONLY,10.0,1
1649430900000,1649431020000,UTC+0900,2022-04-09 00:15:00,2022-04-09 00:17:00,105.0,115.0,BOTH,110.0,2
1649431080000,1649431380000,UTC+0900,2022-04-09 00:18:00,2022-04-09 00:23:00,176.0,126.0,BOTH,151.0,5
1649431440000,1649431620000,UTC+0900,2022-04-09 00:24:00,2022-04-09 00:27:00,47.0,52.0,BOTH,49.5,3
1649432460000,1649432520000,UTC+0900,2022-04-09 00:41:00,2022-04-09 00:42:00,0.0,13.0,WEARABLE_ONLY,13.0,1
1649433540000,1649433780000,UTC+0900,2022-04-09 00:59:00,2022-04-09 01:03:00,339.0,289.0,BOTH,314.0,4
1649437320000,1649437560000,UTC+0900,2022-04-09 02:02:00,2022-04-09 02:06:00,172.0,139.0,BOTH,155.5,4
1649437620000,1649437680000,UTC+0900,2022-04-09 02:07:00,2022-04-09 02:08:00,0.0,16.0,WEARABLE_ONLY,16.0,1
1649438580000,1649438640000,UTC+0900,2022-04-09 02:23:00,2022-04-09 02:24:00,0.0,15.0,WEARABLE_ONLY,15.0,1
1649438760000,1649439420000,UTC+0900,2022-04-09 02:26:00,2022-04-09 02:37:00,710.0,717.0,BOTH,713.5,11
1649443080000,1649443200000,UTC+0900,2022-04-09 03:38:00,2022-04-09 03:40:00,0.0,56.0,WEARABLE_ONLY,56.0,2
1649444220000,1649444280000,UTC+0900,2022-04-09 03:57:00,2022-04-09 03:58:00,0.0,21.0,WEARABLE_ONLY,21.0,1
1649444580000,1649444640000,UTC+0900,2022-04-09 04:03:00,2022-04-09 04:04:00,0.0,19.0,WEARABLE_ONLY,19.0,1
1649447820000,1649447880000,UTC+0900,2022-04-09 04:57:00,2022-04-09 04:58:00,0.0,26.0,WEARABLE_ONLY,26.0,1
1649450280000,1649450400000,UTC+0900,2022-04-09 05:38:00,2022-04-09 05:40:00,0.0,26.0,WEARABLE_ONLY,26.0,2
1649450460000,1649450580000,UTC+0900,2022-04-09 05:41:00,2022-04-09 05:43:00,0.0,24.0,WEARABLE_ONLY,24.0,2
1649450760000,1649450880000,UTC+0900,2022-04-09 05:46:00,2022-04-09 05:48:00,0.0,36.0,WEARABLE_ONLY,36.0,2
1649454000000,1649454060000,UTC+0900,2022-04-09 06:40:00,2022-04-09 06:41:00,0.0,10.0,WEARABLE_ONLY,10.0,1
1649454900000,1649454960000,UTC+0900,2022-04-09 06:55:00,2022-04-09 06:56:00,0.0,15.0,WEARABLE_ONLY,15.0,1
1649550840000,1649550900000,UTC+0900,2022-04-10 09:34:00,2022-04-10 09:35:00,58.0,0.0,PHONE_ONLY,58.0,1
1649556900000,1649556960000,UTC+0900,2022-04-10 11:15:00,2022-04-10 11:16:00,12.0,0.0,PHONE_ONLY,12.0,1
1649557860000,1649557920000,UTC+0900,2022-04-10 11:31:00,2022-04-10 11:32:00,7.0,0.0,PHONE_ONLY,7.0,1
1649558040000,1649559180000,UTC+0900,2022-04-10 11:34:00,2022-04-10 11:53:00,904.0,0.0,PHONE_ONLY,904.0,19
1649559480000,1649559540000,UTC+0900,2022-04-10 11:58:00,2022-04-10 11:59:00,17.0,0.0,PHONE_ONLY,17.0,1
1649601840000,1649602440000,UTC+0900,2022-04-10 23:44:00,2022-04-10 23:54:00,733.0,700.0,BOTH,716.5,10
1649602800000,1649602980000,UTC+0900,2022-04-11 00:00:00,2022-04-11 00:03:00,205.0,99.0,BOTH,152.0,3
1649603640000,1649603760000,UTC+0900,2022-04-11 00:14:00,2022-04-11 00:16:00,0.0,39.0,WEARABLE_ONLY,39.0,2
1649603820000,1649603940000,UTC+0900,2022-04-11 00:17:00,2022-04-11 00:19:00,0.0,134.0,WEARABLE_ONLY,134.0,2
1649604000000,1649604780000,UTC+0900,2022-04-11 00:20:00,2022-04-11 00:33:00,0.0,472.0,WEARABLE_ONLY,472.0,13
1649604960000,1649605140000,UTC+0900,2022-04-11 00:36:00,2022-04-11 00:39:00,0.0,94.0,WEARABLE_ONLY,94.0,3
1649605260000,1649605380000,UTC+0900,2022-04-11 00:41:00,2022-04-11 00:43:00,0.0,53.0,WEARABLE_ONLY,53.0,2
1649605440000,1649605560000,UTC+0900,2022-04-11 00:44:00,2022-04-11 00:46:00,0.0,49.0,WEARABLE_ONLY,49.0,2
1649605620000,1649605920000,UTC+0900,2022-04-11 00:47:00,2022-04-11 00:52:00,0.0,155.0,WEARABLE_ONLY,155.0,5
1649606100000,1649606160000,UTC+0900,2022-04-11 00:55:00,2022-04-11 00:56:00,0.0,26.0,WEARABLE_ONLY,26.0,1
1649606280000,1649606340000,UTC+0900,2022-04-11 00:58:00,2022-04-11 00:59:00,0.0,11.0,WEARABLE_ONLY,11.0,1
1649606400000,1649606520000,UTC+0900,2022-04-11 01:00:00,2022-04-11 01:02:00,0.0,31.0,WEARABLE_ONLY,31.0,2
1649606580000,1649606700000,UTC+0900,2022-04-11 01:03:00,2022-04-11 01:05:00,0.0,56.0,WEARABLE_ONLY,56.0,2
1649607000000,1649607180000,UTC+0900,2022-04-11 01:10:00,2022-04-11 01:13:00,0.0,89.0,WEARABLE_ONLY,89.0,3
1649607360000,1649607420000,UTC+0900,2022-04-11 01:16:00,2022-04-11 01:17:00,0.0,13.0,WEARABLE_ONLY,13.0,1
1649607480000,1649607540000,UTC+0900,2022-04-11 01:18:00,2022-04-11 01:19:00,0.0,21.0,WEARABLE_ONLY,21.0,1
1649608020000,1649608080000,UTC+0900,2022-04-11 01:27:00,2022-04-11 01:28:00,0.0,10.0,WEARABLE_ONLY,10.0,1
1649608440000,1649608560000,UTC+0900,2022-04-11 01:34:00,2022-04-11 01:36:00,0.0,24.0,WEARABLE_ONLY,24.0,2
1649610480000,1649610720000,UTC+0900,2022-04-11 02:08:00,2022-04-11 02:12:00,43.0,55.0,BOTH,49.0,4
1649610840000,1649612040000,UTC+0900,2022-04-11 02:14:00,2022-04-11 02:34:00,2168.0,2048.0,BOTH,2108.0,20
1649612100000,1649612220000,UTC+0900,2022-04-11 02:35:00,2022-04-11 02:37:00,25.0,14.0,BOTH,19.5,2
1649612400000,1649613360000,UTC+0900,2022-04-11 02:40:00,2022-04-11 02:56:00,1486.0,1494.0,BOTH,1490.0,16
1649613540000,1649613780000,UTC+0900,2022-04-11 02:59:00,2022-04-11 03:03:00,0.0,219.0,WEARABLE_ONLY,219.0,4
1649615220000,1649615280000,UTC+0900,2022-04-11 03:27:00,2022-04-11 03:28:00,0.0,20.0,WEARABLE_ONLY,20.0,1
1649620080000,1649620140000,UTC+0900,2022-04-11 04:48:00,2022-04-11 04:49:00,23.0,21.0,BOTH,22.0,1
1649625720000,1649625780000,UTC+0900,2022-04-11 06:22:00,2022-04-11 06:23:00,0.0,10.0,WEARABLE_ONLY,10.0,1
1649626620000,1649626680000,UTC+0900,2022-04-11 06:37:00,2022-04-11 06:38:00,0.0,10.0,WEARABLE_ONLY,10.0,1
1649626800000,1649627340000,UTC+0900,2022-04-11 06:40:00,2022-04-11 06:49:00,784.0,769.0,BOTH,776.5,9
1649627400000,1649627520000,UTC+0900,2022-04-11 06:50:00,2022-04-11 06:52:00,0.0,42.0,WEARABLE_ONLY,42.0,2
1649629200000,1649629320000,UTC+0900,2022-04-11 07:20:00,2022-04-11 07:22:00,0.0,14.0,WEARABLE_ONLY,14.0,2
1649629440000,1649629500000,UTC+0900,2022-04-11 07:24:00,2022-04-11 07:25:00,0.0,24.0,WEARABLE_ONLY,24.0,1
1649630100000,1649630160000,UTC+0900,2022-04-11 07:35:00,2022-04-11 07:36:00,0.0,14.0,WEARABLE_ONLY,14.0,1
1649630760000,1649630820000,UTC+0900,2022-04-11 07:46:00,2022-04-11 07:47:00,0.0,11.0,WEARABLE_ONLY,11.0,1
1649630880000,1649630940000,UTC+0900,2022-04-11 07:48:00,2022-04-11 07:49:00,0.0,12.0,WEARABLE_ONLY,12.0,1
1649632200000,1649632260000,UTC+0900,2022-04-11 08:10:00,2022-04-11 08:11:00,0.0,19.0,WEARABLE_ONLY,19.0,1
1649632800000,1649632860000,UTC+0900,2022-04-11 08:20:00,2022-04-11 08:21:00,0.0,10.0,WEARABLE_ONLY,10.0,1
1649635860000,1649635920000,UTC+0900,2022-04-11 09:11:00,2022-04-11 09:12:00,0.0,10.0,WEARABLE_ONLY,10.0,1
1649636580000,1649636640000,UTC+0900,2022-04-11 09:23:00,2022-04-11 09:24:00,0.0,20.0,WEARABLE_ONLY,20.0,1
1649637720000,1649637780000,UTC+0900,2022-04-11 09:42:00,2022-04-11 09:43:00,0.0,16.0,WEARABLE_ONLY,16.0,1
1649638860000,1649638920000,UTC+0900,2022-04-11 10:01:00,2022-04-11 10:02:00,0.0,18.0,WEARABLE_ONLY,18.0,1
1649639040000,1649639220000,UTC+0900,2022-04-11 10:04:00,2022-04-11 10:07:00,0.0,47.0,WEARABLE_ONLY,47.0,3
1649639340000,1649639400000,UTC+0900,2022-04-11 10:09:00,2022-04-11 10:10:00,0.0,28.0,WEARABLE_ONLY,28.0,1
1649639520000,1649639580000,UTC+0900,2022-04-11 10:12:00,2022-04-11 10:13:00,0.0,10.0,WEARABLE_ONLY,10.0,1
1649654400000,1649654460000,UTC+0900,2022-04-11 14:20:00,2022-04-11 14:21:00,24.0,0.0,PHONE_ONLY,24.0,1
1649654520000,1649654580000,UTC+0900,2022-04-11 14:22:00,2022-04-11 14:23:00,6.0,0.0,PHONE_ONLY,6.0,1
1649659620000,1649659680000,UTC+0900,2022-04-11 15:47:00,2022-04-11 15:48:00,6.0,0.0,PHONE_ONLY,6.0,1
1649660820000,1649661000000,UTC+0900,2022-04-11 16:07:00,2022-04-11 16:10:00,67.0,0.0,PHONE_ONLY,67.0,3
1649661660000,1649661720000,UTC+0900,2022-04-11 16:21:00,2022-04-11 16:22:00,8.0,0.0,PHONE_ONLY,8.0,1
1649661900000,1649662020000,UTC+0900,2022-04-11 16:25:00,2022-04-11 16:27:00,26.0,0.0,PHONE_ONLY,26.0,2
1649678940000,1649679000000,UTC+0900,2022-04-11 21:09:00,2022-04-11 21:10:00,12.0,0.0,PHONE_ONLY,12.0,1
1649679060000,1649679120000,UTC+0900,2022-04-11 21:11:00,2022-04-11 21:12:00,12.0,0.0,PHONE_ONLY,12.0,1
1649692980000,1649693100000,UTC+0900,2022-04-12 01:03:00,2022-04-12 01:05:00,0.0,71.0,WEARABLE_ONLY,71.0,2
1649693160000,1649693220000,UTC+0900,2022-04-12 01:06:00,2022-04-12 01:07:00,0.0,26.0,WEARABLE_ONLY,26.0,1
1649693280000,1649693940000,UTC+0900,2022-04-12 01:08:00,2022-04-12 01:19:00,654.0,634.0,BOTH,644.0,11
1649694120000,1649694180000,UTC+0900,2022-04-12 01:22:00,2022-04-12 01:23:00,0.0,10.0,WEARABLE_ONLY,10.0,1
1649694360000,1649694780000,UTC+0900,2022-04-12 01:26:00,2022-04-12 01:33:00,86.0,289.0,BOTH,187.5,7
1649694960000,1649695020000,UTC+0900,2022-04-12 01:36:00,2022-04-12 01:37:00,0.0,22.0,WEARABLE_ONLY,22.0,1
1649695200000,1649695440000,UTC+0900,2022-04-12 01:40:00,2022-04-12 01:44:00,86.0,120.0,BOTH,103.0,4
1649695500000,1649696040000,UTC+0900,2022-04-12 01:45:00,2022-04-12 01:54:00,311.0,265.0,BOTH,288.0,9
1649696100000,1649696160000,UTC+0900,2022-04-12 01:55:00,2022-04-12 01:56:00,23.0,0.0,PHONE_ONLY,23.0,1
1649696580000,1649696640000,UTC+0900,2022-04-12 02:03:00,2022-04-12 02:04:00,0.0,10.0,WEARABLE_ONLY,10.0,1
1649696880000,1649697000000,UTC+0900,2022-04-12 02:08:00,2022-04-12 02:10:00,0.0,58.0,WEARABLE_ONLY,58.0,2
1649697060000,1649697300000,UTC+0900,2022-04-12 02:11:00,2022-04-12 02:15:00,0.0,139.0,WEARABLE_ONLY,139.0,4
1649697420000,1649697600000,UTC+0900,2022-04-12 02:17:00,2022-04-12 02:20:00,0.0,98.0,WEARABLE_ONLY,98.0,3
1649697660000,1649698920000,UTC+0900,2022-04-12 02:21:00,2022-04-12 02:42:00,0.0,676.0,WEARABLE_ONLY,676.0,21
1649699100000,1649699220000,UTC+0900,2022-04-12 02:45:00,2022-04-12 02:47:00,0.0,25.0,WEARABLE_ONLY,25.0,2
1649699280000,1649699580000,UTC+0900,2022-04-12 02:48:00,2022-04-12 02:53:00,0.0,103.0,WEARABLE_ONLY,103.0,5
1649699640000,1649699820000,UTC+0900,2022-04-12 02:54:00,2022-04-12 02:57:00,0.0,112.0,WEARABLE_ONLY,112.0,3
1649699880000,1649700360000,UTC+0900,2022-04-12 02:58:00,2022-04-12 03:06:00,0.0,225.0,WEARABLE_ONLY,225.0,8
1649700420000,1649700480000,UTC+0900,2022-04-12 03:07:00,2022-04-12 03:08:00,0.0,35.0,WEARABLE_ONLY,35.0,1
1649700600000,1649700720000,UTC+0900,2022-04-12 03:10:00,2022-04-12 03:12:00,0.0,51.0,WEARABLE_ONLY,51.0,2
1649700960000,1649701020000,UTC+0900,2022-04-12 03:16:00,2022-04-12 03:17:00,0.0,12.0,WEARABLE_ONLY,12.0,1
1649701140000,1649701380000,UTC+0900,2022-04-12 03:19:00,2022-04-12 03:23:00,96.0,32.0,BOTH,64.0,4
1649701560000,1649701800000,UTC+0900,2022-04-12 03:26:00,2022-04-12 03:30:00,41.0,10.0,BOTH,25.5,4
1649701920000,1649701980000,UTC+0900,2022-04-12 03:32:00,2022-04-12 03:33:00,6.0,0.0,PHONE_ONLY,6.0,1
1649702040000,1649702100000,UTC+0900,2022-04-12 03:34:00,2022-04-12 03:35:00,41.0,0.0,PHONE_ONLY,41.0,1
1649703960000,1649704260000,UTC+0900,2022-04-12 04:06:00,2022-04-12 04:11:00,107.0,202.0,BOTH,154.5,5
1649705640000,1649705820000,UTC+0900,2022-04-12 04:34:00,2022-04-12 04:37:00,141.0,170.0,BOTH,155.5,3
1649705880000,1649706000000,UTC+0900,2022-04-12 04:38:00,2022-04-12 04:40:00,32.0,57.0,BOTH,44.5,2
1649706300000,1649706360000,UTC+0900,2022-04-12 04:45:00,2022-04-12 04:46:00,0.0,16.0,WEARABLE_ONLY,16.0,1
1649706480000,1649706540000,UTC+0900,2022-04-12 04:48:00,2022-04-12 04:49:00,43.0,24.0,BOTH,33.5,1
1649706600000,1649707440000,UTC+0900,2022-04-12 04:50:00,2022-04-12 05:04:00,799.0,846.0,BOTH,822.5,14
1649707500000,1649707620000,UTC+0900,2022-04-12 05:05:00,2022-04-12 05:07:00,0.0,33.0,WEARABLE_ONLY,33.0,2
1649707680000,1649707860000,UTC+0900,2022-04-12 05:08:00,2022-04-12 05:11:00,337.0,270.0,BOTH,303.5,3
1649707920000,1649708040000,UTC+0900,2022-04-12 05:12:00,2022-04-12 05:14:00,94.0,63.0,BOTH,78.5,2
1649708160000,1649708220000,UTC+0900,2022-04-12 05:16:00,2022-04-12 05:17:00,16.0,10.0,BOTH,13.0,1
1649708520000,1649708580000,UTC+0900,2022-04-12 05:22:00,2022-04-12 05:23:00,9.0,0.0,PHONE_ONLY,9.0,1
1649708880000,1649709660000,UTC+0900,2022-04-12 05:28:00,2022-04-12 05:41:00,992.0,950.0,BOTH,971.0,13
1649710200000,1649710260000,UTC+0900,2022-04-12 05:50:00,2022-04-12 05:51:00,16.0,0.0,PHONE_ONLY,16.0,1
1649715420000,1649717220000,UTC+0900,2022-04-12 07:17:00,2022-04-12 07:47:00,2895.0,2845.0,BOTH,2870.0,30
1649717280000,1649720700000,UTC+0900,2022-04-12 07:48:00,2022-04-12 08:45:00,4486.0,4233.0,BOTH,4359.5,57
1649720760000,1649721840000,UTC+0900,2022-04-12 08:46:00,2022-04-12 09:04:00,1356.0,1383.0,BOTH,1369.5,18
1649722800000,1649725200000,UTC+0900,2022-04-12 09:20:00,2022-04-12 10:00:00,3375.0,3252.0,BOTH,3313.5,40
1649725260000,1649725320000,UTC+0900,2022-04-12 10:01:00,2022-04-12 10:02:00,0.0,11.0,WEARABLE_ONLY,11.0,1
1649727300000,1649727360000,UTC+0900,2022-04-12 10:35:00,2022-04-12 10:36:00,0.0,0.0,BOTH,0.0,1
1649728260000,1649728440000,UTC+0900,2022-04-12 10:51:00,2022-04-12 10:54:00,20.0,0.0,PHONE_ONLY,20.0,3
1649735880000,1649735940000,UTC+0900,2022-04-12 12:58:00,2022-04-12 12:59:00,28.0,0.0,PHONE_ONLY,28.0,1
1649775300000,1649775360000,UTC+0900,2022-04-12 23:55:00,2022-04-12 23:56:00,7.0,0.0,PHONE_ONLY,7.0,1
1649775660000,1649775720000,UTC+0900,2022-04-13 00:01:00,2022-04-13 00:02:00,7.0,0.0,PHONE_ONLY,7.0,1
1649781000000,1649781060000,UTC+0900,2022-04-13 01:30:00,2022-04-13 01:31:00,8.0,0.0,PHONE_ONLY,8.0,1
1649787420000,1649787540000,UTC+0900,2022-04-13 03:17:00,2022-04-13 03:19:00,80.0,0.0,PHONE_ONLY,80.0,2
1649787600000,1649787720000,UTC+0900,2022-04-13 03:20:00,2022-04-13 03:22:00,89.0,0.0,PHONE_ONLY,89.0,2
1649788680000,1649788740000,UTC+0900,2022-04-13 03:38:00,2022-04-13 03:39:00,9.0,0.0,PHONE_ONLY,9.0,1
1649788860000,1649788980000,UTC+0900,2022-04-13 03:41:00,2022-04-13 03:43:00,122.0,0.0,PHONE_ONLY,122.0,2
1649791740000,1649791920000,UTC+0900,2022-04-13 04:29:00,2022-04-13 04:32:00,122.0,0.0,PHONE_ONLY,122.0,3
1649792040000,1649792100000,UTC+0900,2022-04-13 04:34:00,2022-04-13 04:35:00,13.0,0.0,PHONE_ONLY,13.0,1
1649793420000,1649793540000,UTC+0900,2022-04-13 04:57:00,2022-04-13 04:59:00,27.0,0.0,PHONE_ONLY,27.0,2
1649794260000,1649794320000,UTC+0900,2022-04-13 05:11:00,2022-04-13 05:12:00,51.0,0.0,PHONE_ONLY,51.0,1
1649794380000,1649794500000,UTC+0900,2022-04-13 05:13:00,2022-04-13 05:15:00,59.0,0.0,PHONE_ONLY,59.0,2
1649796600000,1649796780000,UTC+0900,2022-04-13 05:50:00,2022-04-13 05:53:00,101.0,0.0,PHONE_ONLY,101.0,3
1649798100000,1649798160000,UTC+0900,2022-04-13 06:15:00,2022-04-13 06:16:00,69.0,0.0,PHONE_ONLY,69.0,1
1649798220000,1649798340000,UTC+0900,2022-04-13 06:17:00,2022-04-13 06:19:00,79.0,0.0,PHONE_ONLY,79.0,2
1649800380000,1649800440000,UTC+0900,2022-04-13 06:53:00,2022-04-13 06:54:00,55.0,0.0,PHONE_ONLY,55.0,1
1649800620000,1649800680000,UTC+0900,2022-04-13 06:57:00,2022-04-13 06:58:00,79.0,0.0,PHONE_ONLY,79.0,1
1649800980000,1649801100000,UTC+0900,2022-04-13 07:03:00,2022-04-13 07:05:00,30.0,0.0,PHONE_ONLY,30.0,2
1649801160000,1649802240000,UTC+0900,2022-04-13 07:06:00,2022-04-13 07:24:00,1627.0,0.0,PHONE_ONLY,1627.0,18
1649802300000,1649802840000,UTC+0900,2022-04-13 07:25:00,2022-04-13 07:34:00,381.0,0.0,PHONE_ONLY,381.0,9
1649802900000,1649803020000,UTC+0900,2022-04-13 07:35:00,2022-04-13 07:37:00,37.0,0.0,PHONE_ONLY,37.0,2
1649803200000,1649803260000,UTC+0900,2022-04-13 07:40:00,2022-04-13 07:41:00,7.0,0.0,PHONE_ONLY,7.0,1
1649803320000,1649803380000,UTC+0900,2022-04-13 07:42:00,2022-04-13 07:43:00,10.0,0.0,PHONE_ONLY,10.0,1
1649803440000,1649803620000,UTC+0900,2022-04-13 07:44:00,2022-04-13 07:47:00,65.0,0.0,PHONE_ONLY,65.0,3
1649803680000,1649804580000,UTC+0900,2022-04-13 07:48:00,2022-04-13 08:03:00,1400.0,0.0,PHONE_ONLY,1400.0,15
1649809800000,1649809860000,UTC+0900,2022-04-13 09:30:00,2022-04-13 09:31:00,7.0,0.0,PHONE_ONLY,7.0,1
1649866080000,1649866200000,UTC+0900,2022-04-14 01:08:00,2022-04-14 01:10:00,36.0,0.0,PHONE_ONLY,36.0,2
1649872560000,1649872680000,UTC+0900,2022-04-14 02:56:00,2022-04-14 02:58:00,130.0,0.0,PHONE_ONLY,130.0,2
1649875560000,1649875620000,UTC+0900,2022-04-14 03:46:00,2022-04-14 03:47:00,6.0,0.0,PHONE_ONLY,6.0,1
1649876340000,1649876400000,UTC+0900,2022-04-14 03:59:00,2022-04-14 04:00:00,9.0,0.0,PHONE_ONLY,9.0,1
1649876640000,1649876700000,UTC+0900,2022-04-14 04:04:00,2022-04-14 04:05:00,11.0,0.0,PHONE_ONLY,11.0,1
1649877180000,1649879100000,UTC+0900,2022-04-14 04:13:00,2022-04-14 04:45:00,2526.0,2589.0,BOTH,2557.5,32
1649879280000,1649879700000,UTC+0900,2022-04-14 04:48:00,2022-04-14 04:55:00,490.0,463.0,BOTH,476.5,7
1649879760000,1649883120000,UTC+0900,2022-04-14 04:56:00,2022-04-14 05:52:00,5507.0,5465.0,BOTH,5486.0,56
1649888820000,1649888880000,UTC+0900,2022-04-14 07:27:00,2022-04-14 07:28:00,34.0,29.0,BOTH,31.5,1
1649888940000,1649889540000,UTC+0900,2022-04-14 07:29:00,2022-04-14 07:39:00,593.0,644.0,BOTH,618.5,10
1649889600000,1649889840000,UTC+0900,2022-04-14 07:40:00,2022-04-14 07:44:00,310.0,240.0,BOTH,275.0,4
1649890560000,1649890800000,UTC+0900,2022-04-14 07:56:00,2022-04-14 08:00:00,324.0,330.0,BOTH,327.0,4
1649891340000,1649891460000,UTC+0900,2022-04-14 08:09:00,2022-04-14 08:11:00,0.0,43.0,WEARABLE_ONLY,43.0,2
1649891580000,1649891640000,UTC+0900,2022-04-14 08:13:00,2022-04-14 08:14:00,0.0,11.0,WEARABLE_ONLY,11.0,1
1649892480000,1649892600000,UTC+0900,2022-04-14 08:28:00,2022-04-14 08:30:00,0.0,37.0,WEARABLE_ONLY,37.0,2
1649893200000,1649893260000,UTC+0900,2022-04-14 08:40:00,2022-04-14 08:41:00,0.0,9.0,WEARABLE_ONLY,9.0,1
1649895300000,1649895360000,UTC+0900,2022-04-14 09:15:00,2022-04-14 09:16:00,0.0,28.0,WEARABLE_ONLY,28.0,1
1649895720000,1649895780000,UTC+0900,2022-04-14 09:22:00,2022-04-14 09:23:00,0.0,10.0,WEARABLE_ONLY,10.0,1
1649896560000,1649896620000,UTC+0900,2022-04-14 09:36:00,2022-04-14 09:37:00,0.0,16.0,WEARABLE_ONLY,16.0,1
1649896680000,1649896740000,UTC+0900,2022-04-14 09:38:00,2022-04-14 09:39:00,0.0,12.0,WEARABLE_ONLY,12.0,1
1649896800000,1649896860000,UTC+0900,2022-04-14 09:40:00,2022-04-14 09:41:00,0.0,10.0,WEARABLE_ONLY,10.0,1
1649896920000,1649897100000,UTC+0900,2022-04-14 09:42:00,2022-04-14 09:45:00,0.0,68.0,WEARABLE_ONLY,68.0,3
1649900520000,1649900580000,UTC+0900,2022-04-14 10:42:00,2022-04-14 10:43:00,20.0,0.0,PHONE_ONLY,20.0,1
1649913180000,1649913240000,UTC+0900,2022-04-14 14:13:00,2022-04-14 14:14:00,17.0,0.0,PHONE_ONLY,17.0,1
1649954580000,1649954640000,UTC+0900,2022-04-15 01:43:00,2022-04-15 01:44:00,14.0,0.0,PHONE_ONLY,14.0,1
1649956140000,1649956200000,UTC+0900,2022-04-15 02:09:00,2022-04-15 02:10:00,18.0,11.0,BOTH,14.5,1
1649956500000,1649956620000,UTC+0900,2022-04-15 02:15:00,2022-04-15 02:17:00,0.0,25.0,WEARABLE_ONLY,25.0,2
1649956800000,1649956920000,UTC+0900,2022-04-15 02:20:00,2022-04-15 02:22:00,0.0,47.0,WEARABLE_ONLY,47.0,2
1649956980000,1649957940000,UTC+0900,2022-04-15 02:23:00,2022-04-15 02:39:00,1083.0,1110.0,BOTH,1096.5,16
1649958000000,1649958060000,UTC+0900,2022-04-15 02:40:00,2022-04-15 02:41:00,9.0,0.0,PHONE_ONLY,9.0,1
1649958180000,1649958240000,UTC+0900,2022-04-15 02:43:00,2022-04-15 02:44:00,0.0,10.0,WEARABLE_ONLY,10.0,1
1649965200000,1649965560000,UTC+0900,2022-04-15 04:40:00,2022-04-15 04:46:00,227.0,266.0,BOTH,246.5,6
1649970840000,1649970900000,UTC+0900,2022-04-15 06:14:00,2022-04-15 06:15:00,0.0,11.0,WEARABLE_ONLY,11.0,1
1649971080000,1649971140000,UTC+0900,2022-04-15 06:18:00,2022-04-15 06:19:00,0.0,15.0,WEARABLE_ONLY,15.0,1
1649971260000,1649971380000,UTC+0900,2022-04-15 06:21:00,2022-04-15 06:23:00,0.0,45.0,WEARABLE_ONLY,45.0,2
1649971560000,1649972100000,UTC+0900,2022-04-15 06:26:00,2022-04-15 06:35:00,703.0,692.0,BOTH,697.5,9
1649972160000,1649972220000,UTC+0900,2022-04-15 06:36:00,2022-04-15 06:37:00,0.0,11.0,WEARABLE_ONLY,11.0,1
1649972460000,1649972520000,UTC+0900,2022-04-15 06:41:00,2022-04-15 06:42:00,0.0,10.0,WEARABLE_ONLY,10.0,1
1649973600000,1649973660000,UTC+0900,2022-04-15 07:00:00,2022-04-15 07:01:00,7.0,23.0,BOTH,15.0,1
1649974200000,1649974320000,UTC+0900,2022-04-15 07:10:00,2022-04-15 07:12:00,0.0,54.0,WEARABLE_ONLY,54.0,2
1649974620000,1649974740000,UTC+0900,2022-04-15 07:17:00,2022-04-15 07:19:00,0.0,38.0,WEARABLE_ONLY,38.0,2
1649974800000,1649974860000,UTC+0900,2022-04-15 07:20:00,2022-04-15 07:21:00,0.0,22.0,WEARABLE_ONLY,22.0,1
1649975340000,1649975460000,UTC+0900,2022-04-15 07:29:00,2022-04-15 07:31:00,0.0,29.0,WEARABLE_ONLY,29.0,2
1649976240000,1649976300000,UTC+0900,2022-04-15 07:44:00,2022-04-15 07:45:00,0.0,13.0,WEARABLE_ONLY,13.0,1
1649976960000,1649977020000,UTC+0900,2022-04-15 07:56:00,2022-04-15 07:57:00,0.0,11.0,WEARABLE_ONLY,11.0,1
1649999160000,1649999220000,UTC+0900,2022-04-15 14:06:00,2022-04-15 14:07:00,28.0,0.0,PHONE_ONLY,28.0,1
1650028380000,1650028440000,UTC+0900,2022-04-15 22:13:00,2022-04-15 22:14:00,13.0,0.0,PHONE_ONLY,13.0,1
1650030120000,1650030180000,UTC+0900,2022-04-15 22:42:00,2022-04-15 22:43:00,7.0,0.0,PHONE_ONLY,7.0,1
1650034800000,1650034860000,UTC+0900,2022-04-16 00:00:00,2022-04-16 00:01:00,13.0,0.0,PHONE_ONLY,13.0,1
1650037200000,1650037380000,UTC+0900,2022-04-16 00:40:00,2022-04-16 00:43:00,0.0,45.0,WEARABLE_ONLY,45.0,3
1650037440000,1650038040000,UTC+0900,2022-04-16 00:44:00,2022-04-16 00:54:00,847.0,816.0,BOTH,831.5,10
1650042240000,1650042480000,UTC+0900,2022-04-16 02:04:00,2022-04-16 02:08:00,222.0,213.0,BOTH,217.5,4
1650044460000,1650044760000,UTC+0900,2022-04-16 02:41:00,2022-04-16 02:46:00,257.0,214.0,BOTH,235.5,5
1650045300000,1650045480000,UTC+0900,2022-04-16 02:55:00,2022-04-16 02:58:00,108.0,122.0,BOTH,115.0,3
1650047340000,1650047460000,UTC+0900,2022-04-16 03:29:00,2022-04-16 03:31:00,104.0,48.0,BOTH,76.0,2
1650047520000,1650047580000,UTC+0900,2022-04-16 03:32:00,2022-04-16 03:33:00,0.0,23.0,WEARABLE_ONLY,23.0,1
1650050940000,1650051240000,UTC+0900,2022-04-16 04:29:00,2022-04-16 04:34:00,225.0,212.0,BOTH,218.5,5
1650051300000,1650051480000,UTC+0900,2022-04-16 04:35:00,2022-04-16 04:38:00,162.0,115.0,BOTH,138.5,3
1650051540000,1650051660000,UTC+0900,2022-04-16 04:39:00,2022-04-16 04:41:00,129.0,129.0,BOTH,129.0,2
1650051720000,1650051780000,UTC+0900,2022-04-16 04:42:00,2022-04-16 04:43:00,63.0,60.0,BOTH,61.5,1
1650051840000,1650051900000,UTC+0900,2022-04-16 04:44:00,2022-04-16 04:45:00,25.0,15.0,BOTH,20.0,1
1650051960000,1650052200000,UTC+0900,2022-04-16 04:46:00,2022-04-16 04:50:00,147.0,105.0,BOTH,126.0,4
1650053160000,1650053280000,UTC+0900,2022-04-16 05:06:00,2022-04-16 05:08:00,53.0,41.0,BOTH,47.0,2
1650054360000,1650054480000,UTC+0900,2022-04-16 05:26:00,2022-04-16 05:28:00,119.0,52.0,BOTH,85.5,2
1650057420000,1650057600000,UTC+0900,2022-04-16 06:17:00,2022-04-16 06:20:00,23.0,44.0,BOTH,33.5,3
1650059220000,1650059820000,UTC+0900,2022-04-16 06:47:00,2022-04-16 06:57:00,742.0,773.0,BOTH,757.5,10
1650059880000,1650059940000,UTC+0900,2022-04-16 06:58:00,2022-04-16 06:59:00,0.0,15.0,WEARABLE_ONLY,15.0,1
1650060120000,1650060180000,UTC+0900,2022-04-16 07:02:00,2022-04-16 07:03:00,0.0,21.0,WEARABLE_ONLY,21.0,1
1650060420000,1650060540000,UTC+0900,2022-04-16 07:07:00,2022-04-16 07:09:00,0.0,23.0,WEARABLE_ONLY,23.0,2
1650061320000,1650061380000,UTC+0900,2022-04-16 07:22:00,2022-04-16 07:23:00,0.0,14.0,WEARABLE_ONLY,14.0,1
1650062100000,1650062160000,UTC+0900,2022-04-16 07:35:00,2022-04-16 07:36:00,0.0,11.0,WEARABLE_ONLY,11.0,1
1650062220000,1650065880000,UTC+0900,2022-04-16 07:37:00,2022-04-16 08:38:00,5386.0,5518.0,BOTH,5452.0,61
1650065940000,1650066000000,UTC+0900,2022-04-16 08:39:00,2022-04-16 08:40:00,0.0,11.0,WEARABLE_ONLY,11.0,1
1650066840000,1650067680000,UTC+0900,2022-04-16 08:54:00,2022-04-16 09:08:00,1226.0,1215.0,BOTH,1220.5,14
1650067800000,1650067920000,UTC+0900,2022-04-16 09:10:00,2022-04-16 09:12:00,8.0,38.0,BOTH,23.0,2
1650067980000,1650068040000,UTC+0900,2022-04-16 09:13:00,2022-04-16 09:14:00,17.0,11.0,BOTH,14.0,1
1650068100000,1650068160000,UTC+0900,2022-04-16 09:15:00,2022-04-16 09:16:00,37.0,34.0,BOTH,35.5,1
1650068700000,1650069600000,UTC+0900,2022-04-16 09:25:00,2022-04-16 09:40:00,1106.0,1136.0,BOTH,1121.0,15
1650069660000,1650069720000,UTC+0900,2022-04-16 09:41:00,2022-04-16 09:42:00,0.0,10.0,WEARABLE_ONLY,10.0,1
1650073380000,1650073440000,UTC+0900,2022-04-16 10:43:00,2022-04-16 10:44:00,0.0,12.0,WEARABLE_ONLY,12.0,1
1650073500000,1650073560000,UTC+0900,2022-04-16 10:45:00,2022-04-16 10:46:00,0.0,8.0,WEARABLE_ONLY,8.0,1
1650073620000,1650073680000,UTC+0900,2022-04-16 10:47:00,2022-04-16 10:48:00,0.0,11.0,WEARABLE_ONLY,11.0,1
1650074220000,1650074340000,UTC+0900,2022-04-16 10:57:00,2022-04-16 10:59:00,0.0,27.0,WEARABLE_ONLY,27.0,2
1650074460000,1650074820000,UTC+0900,2022-04-16 11:01:00,2022-04-16 11:07:00,0.0,167.0,WEARABLE_ONLY,167.0,6
1650074880000,1650074940000,UTC+0900,2022-04-16 11:08:00,2022-04-16 11:09:00,0.0,13.0,WEARABLE_ONLY,13.0,1
1650075000000,1650075060000,UTC+0900,2022-04-16 11:10:00,2022-04-16 11:11:00,0.0,20.0,WEARABLE_ONLY,20.0,1
1650083280000,1650083340000,UTC+0900,2022-04-16 13:28:00,2022-04-16 13:29:00,6.0,0.0,PHONE_ONLY,6.0,1
1650119700000,1650119760000,UTC+0900,2022-04-16 23:35:00,2022-04-16 23:36:00,10.0,0.0,PHONE_ONLY,10.0,1
1650122640000,1650123120000,UTC+0900,2022-04-17 00:24:00,2022-04-17 00:32:00,118.0,179.0,BOTH,148.5,8
1650123300000,1650123360000,UTC+0900,2022-04-17 00:35:00,2022-04-17 00:36:00,7.0,0.0,PHONE_ONLY,7.0,1
1650123480000,1650123600000,UTC+0900,2022-04-17 00:38:00,2022-04-17 00:40:00,32.0,14.0,BOTH,23.0,2
1650124080000,1650124620000,UTC+0900,2022-04-17 00:48:00,2022-04-17 00:57:00,111.0,216.0,BOTH,163.5,9
1650125700000,1650125760000,UTC+0900,2022-04-17 01:15:00,2022-04-17 01:16:00,0.0,0.0,BOTH,0.0,1
1650126420000,1650126480000,UTC+0900,2022-04-17 01:27:00,2022-04-17 01:28:00,0.0,12.0,WEARABLE_ONLY,12.0,1
1650126540000,1650126780000,UTC+0900,2022-04-17 01:29:00,2022-04-17 01:33:00,0.0,83.0,WEARABLE_ONLY,83.0,4
1650127080000,1650127140000,UTC+0900,2022-04-17 01:38:00,2022-04-17 01:39:00,0.0,34.0,WEARABLE_ONLY,34.0,1
1650127200000,1650129060000,UTC+0900,2022-04-17 01:40:00,2022-04-17 02:11:00,2913.0,2786.0,BOTH,2849.5,31
1650129120000,1650129540000,UTC+0900,2022-04-17 02:12:00,2022-04-17 02:19:00,313.0,261.0,BOTH,287.0,7
1650129660000,1650129900000,UTC+0900,2022-04-17 02:21:00,2022-04-17 02:25:00,99.0,106.0,BOTH,102.5,4
1650129960000,1650130260000,UTC+0900,2022-04-17 02:26:00,2022-04-17 02:31:00,95.0,60.0,BOTH,77.5,5
1650130320000,1650130440000,UTC+0900,2022-04-17 02:32:00,2022-04-17 02:34:00,109.0,105.0,BOTH,107.0,2
1650130500000,1650130920000,UTC+0900,2022-04-17 02:35:00,2022-04-17 02:42:00,387.0,386.0,BOTH,386.5,7
1650131040000,1650132540000,UTC+0900,2022-04-17 02:44:00,2022-04-17 03:09:00,2027.0,2159.0,BOTH,2093.0,25
1650132660000,1650133260000,UTC+0900,2022-04-17 03:11:00,2022-04-17 03:21:00,971.0,912.0,BOTH,941.5,10
1650133320000,1650133560000,UTC+0900,2022-04-17 03:22:00,2022-04-17 03:26:00,299.0,296.0,BOTH,297.5,4
1650133800000,1650134100000,UTC+0900,2022-04-17 03:30:00,2022-04-17 03:35:00,195.0,166.0,BOTH,180.5,5
1650134400000,1650137400000,UTC+0900,2022-04-17 03:40:00,2022-04-17 04:30:00,4514.0,4362.0,BOTH,4438.0,50
1650137580000,1650137640000,UTC+0900,2022-04-17 04:33:00,2022-04-17 04:34:00,0.0,11.0,WEARABLE_ONLY,11.0,1
1650140040000,1650140100000,UTC+0900,2022-04-17 05:14:00,2022-04-17 05:15:00,6.0,0.0,PHONE_ONLY,6.0,1
1650140880000,1650140940000,UTC+0900,2022-04-17 05:28:00,2022-04-17 05:29:00,19.0,0.0,PHONE_ONLY,19.0,1
1650142860000,1650142920000,UTC+0900,2022-04-17 06:01:00,2022-04-17 06:02:00,0.0,34.0,WEARABLE_ONLY,34.0,1
1650142980000,1650143040000,UTC+0900,2022-04-17 06:03:00,2022-04-17 06:04:00,0.0,10.0,WEARABLE_ONLY,10.0,1
1650143400000,1650143580000,UTC+0900,2022-04-17 06:10:00,2022-04-17 06:13:00,9.0,47.0,BOTH,28.0,3
1650145680000,1650145740000,UTC+0900,2022-04-17 06:48:00,2022-04-17 06:49:00,0.0,18.0,WEARABLE_ONLY,18.0,1
1650145860000,1650146220000,UTC+0900,2022-04-17 06:51:00,2022-04-17 06:57:00,379.0,264.0,BOTH,321.5,6
1650146880000,1650147660000,UTC+0900,2022-04-17 07:08:00,2022-04-17 07:21:00,908.0,859.0,BOTH,883.5,13
1650148920000,1650148980000,UTC+0900,2022-04-17 07:42:00,2022-04-17 07:43:00,0.0,10.0,WEARABLE_ONLY,10.0,1
1650151200000,1650151260000,UTC+0900,2022-04-17 08:20:00,2022-04-17 08:21:00,0.0,10.0,WEARABLE_ONLY,10.0,1
1650152460000,1650152520000,UTC+0900,2022-04-17 08:41:00,2022-04-17 08:42:00,0.0,12.0,WEARABLE_ONLY,12.0,1
1650154320000,1650154440000,UTC+0900,2022-04-17 09:12:00,2022-04-17 09:14:00,0.0,62.0,WEARABLE_ONLY,62.0,2
1650154500000,1650154800000,UTC+0900,2022-04-17 09:15:00,2022-04-17 09:20:00,134.0,245.0,BOTH,189.5,5
1650155040000,1650155460000,UTC+0900,2022-04-17 09:24:00,2022-04-17 09:31:00,536.0,512.0,BOTH,524.0,7
1650155520000,1650155580000,UTC+0900,2022-04-17 09:32:00,2022-04-17 09:33:00,84.0,35.0,BOTH,59.5,1
1650156120000,1650156480000,UTC+0900,2022-04-17 09:42:00,2022-04-17 09:48:00,543.0,425.0,BOTH,484.0,6
1650156720000,1650158400000,UTC+0900,2022-04-17 09:52:00,2022-04-17 10:20:00,2240.0,2223.0,BOTH,2231.5,28
1650158460000,1650158520000,UTC+0900,2022-04-17 10:21:00,2022-04-17 10:22:00,0.0,26.0,WEARABLE_ONLY,26.0,1
1650160020000,1650160200000,UTC+0900,2022-04-17 10:47:00,2022-04-17 10:50:00,0.0,81.0,WEARABLE_ONLY,81.0,3
1650160980000,1650161220000,UTC+0900,2022-04-17 11:03:00,2022-04-17 11:07:00,192.0,99.0,BOTH,145.5,4
1650161580000,1650162180000,UTC+0900,2022-04-17 11:13:00,2022-04-17 11:23:00,124.0,293.0,BOTH,208.5,10
1650162240000,1650162420000,UTC+0900,2022-04-17 11:24:00,2022-04-17 11:27:00,0.0,40.0,WEARABLE_ONLY,40.0,3
1650164400000,1650164460000,UTC+0900,2022-04-17 12:00:00,2022-04-17 12:01:00,0.0,10.0,WEARABLE_ONLY,10.0,1
1650172260000,1650172320000,UTC+0900,2022-04-17 14:11:00,2022-04-17 14:12:00,8.0,0.0,PHONE_ONLY,8.0,1
1650210720000,1650210780000,UTC+0900,2022-04-18 00:52:00,2022-04-18 00:53:00,9.0,0.0,PHONE_ONLY,9.0,1
1650213120000,1650213180000,UTC+0900,2022-04-18 01:32:00,2022-04-18 01:33:00,8.0,0.0,PHONE_ONLY,8.0,1
1650217740000,1650217800000,UTC+0900,2022-04-18 02:49:00,2022-04-18 02:50:00,7.0,0.0,PHONE_ONLY,7.0,1
1650228840000,1650230220000,UTC+0900,2022-04-18 05:54:00,2022-04-18 06:17:00,2081.0,2053.0,BOTH,2067.0,23
1650230580000,1650230700000,UTC+0900,2022-04-18 06:23:00,2022-04-18 06:25:00,89.0,46.0,BOTH,67.5,2
1650231300000,1650233760000,UTC+0900,2022-04-18 06:35:00,2022-04-18 07:16:00,3617.0,3720.0,BOTH,3668.5,41
1650233820000,1650234000000,UTC+0900,2022-04-18 07:17:00,2022-04-18 07:20:00,25.0,66.0,BOTH,45.5,3
1650234420000,1650234540000,UTC+0900,2022-04-18 07:27:00,2022-04-18 07:29:00,0.0,66.0,WEARABLE_ONLY,66.0,2
1650234600000,1650234840000,UTC+0900,2022-04-18 07:30:00,2022-04-18 07:34:00,190.0,184.0,BOTH,187.0,4
1650235380000,1650236460000,UTC+0900,2022-04-18 07:43:00,2022-04-18 08:01:00,1654.0,1626.0,BOTH,1640.0,18
1650237000000,1650237060000,UTC+0900,2022-04-18 08:10:00,2022-04-18 08:11:00,0.0,41.0,WEARABLE_ONLY,41.0,1
1650238080000,1650238140000,UTC+0900,2022-04-18 08:28:00,2022-04-18 08:29:00,0.0,25.0,WEARABLE_ONLY,25.0,1
1650238320000,1650238380000,UTC+0900,2022-04-18 08:32:00,2022-04-18 08:33:00,0.0,16.0,WEARABLE_ONLY,16.0,1
1650238440000,1650238500000,UTC+0900,2022-04-18 08:34:00,2022-04-18 08:35:00,0.0,20.0,WEARABLE_ONLY,20.0,1
1650238560000,1650238680000,UTC+0900,2022-04-18 08:36:00,2022-04-18 08:38:00,0.0,40.0,WEARABLE_ONLY,40.0,2
1650238980000,1650239040000,UTC+0900,2022-04-18 08:43:00,2022-04-18 08:44:00,0.0,10.0,WEARABLE_ONLY,10.0,1
1650239160000,1650239220000,UTC+0900,2022-04-18 08:46:00,2022-04-18 08:47:00,0.0,8.0,WEARABLE_ONLY,8.0,1
1650242040000,1650242160000,UTC+0900,2022-04-18 09:34:00,2022-04-18 09:36:00,0.0,20.0,WEARABLE_ONLY,20.0,2
1650247740000,1650247800000,UTC+0900,2022-04-18 11:09:00,2022-04-18 11:10:00,11.0,0.0,PHONE_ONLY,11.0,1
1650248460000,1650248520000,UTC+0900,2022-04-18 11:21:00,2022-04-18 11:22:00,0.0,12.0,WEARABLE_ONLY,12.0,1
1650250560000,1650250680000,UTC+0900,2022-04-18 11:56:00,2022-04-18 11:58:00,0.0,46.0,WEARABLE_ONLY,46.0,2
1650251400000,1650251520000,UTC+0900,2022-04-18 12:10:00,2022-04-18 12:12:00,0.0,31.0,WEARABLE_ONLY,31.0,2
1650251640000,1650251760000,UTC+0900,2022-04-18 12:14:00,2022-04-18 12:16:00,0.0,97.0,WEARABLE_ONLY,97.0,2
1650253680000,1650253740000,UTC+0900,2022-04-18 12:48:00,2022-04-18 12:49:00,8.0,0.0,PHONE_ONLY,8.0,1
1650256920000,1650256980000,UTC+0900,2022-04-18 13:42:00,2022-04-18 13:43:00,6.0,0.0,PHONE_ONLY,6.0,1
1650295320000,1650295380000,UTC+0900,2022-04-19 00:22:00,2022-04-19 00:23:00,6.0,0.0,PHONE_ONLY,6.0,1
1650296220000,1650296280000,UTC+0900,2022-04-19 00:37:00,2022-04-19 00:38:00,8.0,0.0,PHONE_ONLY,8.0,1
1650299700000,1650299820000,UTC+0900,2022-04-19 01:35:00,2022-04-19 01:37:00,0.0,32.0,WEARABLE_ONLY,32.0,2
1650299880000,1650300240000,UTC+0900,2022-04-19 01:38:00,2022-04-19 01:44:00,399.0,402.0,BOTH,400.5,6
1650300300000,1650302760000,UTC+0900,2022-04-19 01:45:00,2022-04-19 02:26:00,4384.0,959.0,BOTH,2671.5,41
1650304140000,1650304380000,UTC+0900,2022-04-19 02:49:00,2022-04-19 02:53:00,239.0,0.0,PHONE_ONLY,239.0,4
1650343440000,1650343500000,UTC+0900,2022-04-19 13:44:00,2022-04-19 13:45:00,13.0,0.0,PHONE_ONLY,13.0,1
1650374160000,1650374220000,UTC+0900,2022-04-19 22:16:00,2022-04-19 22:17:00,8.0,0.0,PHONE_ONLY,8.0,1
1650375780000,1650375900000,UTC+0900,2022-04-19 22:43:00,2022-04-19 22:45:00,111.0,0.0,PHONE_ONLY,111.0,2
1650381060000,1650381120000,UTC+0900,2022-04-20 00:11:00,2022-04-20 00:12:00,14.0,0.0,PHONE_ONLY,14.0,1
1650381420000,1650381600000,UTC+0900,2022-04-20 00:17:00,2022-04-20 00:20:00,31.0,0.0,PHONE_ONLY,31.0,3
1650406200000,1650406260000,UTC+0900,2022-04-20 07:10:00,2022-04-20 07:11:00,67.0,0.0,PHONE_ONLY,67.0,1
1650406320000,1650406440000,UTC+0900,2022-04-20 07:12:00,2022-04-20 07:14:00,87.0,0.0,PHONE_ONLY,87.0,2
1650431100000,1650431160000,UTC+0900,2022-04-20 14:05:00,2022-04-20 14:06:00,21.0,0.0,PHONE_ONLY,21.0,1
1650460500000,1650460560000,UTC+0900,2022-04-20 22:15:00,2022-04-20 22:16:00,16.0,0.0,PHONE_ONLY,16.0,1
1650460860000,1650460920000,UTC+0900,2022-04-20 22:21:00,2022-04-20 22:22:00,11.0,0.0,PHONE_ONLY,11.0,1
1650485100000,1650485880000,UTC+0900,2022-04-21 05:05:00,2022-04-21 05:18:00,1241.0,0.0,PHONE_ONLY,1241.0,13
1650485940000,1650486060000,UTC+0900,2022-04-21 05:19:00,2022-04-21 05:21:00,72.0,0.0,PHONE_ONLY,72.0,2
1650489660000,1650490680000,UTC+0900,2022-04-21 06:21:00,2022-04-21 06:38:00,1473.0,0.0,PHONE_ONLY,1473.0,17
1650492360000,1650492420000,UTC+0900,2022-04-21 07:06:00,2022-04-21 07:07:00,6.0,0.0,PHONE_ONLY,6.0,1
1650533640000,1650533700000,UTC+0900,2022-04-21 18:34:00,2022-04-21 18:35:00,35.0,0.0,PHONE_ONLY,35.0,1
1650551460000,1650551520000,UTC+0900,2022-04-21 23:31:00,2022-04-21 23:32:00,15.0,0.0,PHONE_ONLY,15.0,1
1650554700000,1650554760000,UTC+0900,2022-04-22 00:25:00,2022-04-22 00:26:00,6.0,0.0,PHONE_ONLY,6.0,1
1650554820000,1650554880000,UTC+0900,2022-04-22 00:27:00,2022-04-22 00:28:00,10.0,0.0,PHONE_ONLY,10.0,1
1650558480000,1650558540000,UTC+0900,2022-04-22 01:28:00,2022-04-22 01:29:00,13.0,0.0,PHONE_ONLY,13.0,1
1650558720000,1650558780000,UTC+0900,2022-04-22 01:32:00,2022-04-22 01:33:00,6.0,0.0,PHONE_ONLY,6.0,1
1650579540000,1650579660000,UTC+0900,2022-04-22 07:19:00,2022-04-22 07:21:00,143.0,0.0,PHONE_ONLY,143.0,2
1650579780000,1650579840000,UTC+0900,2022-04-22 07:23:00,2022-04-22 07:24:00,27.0,0.0,PHONE_ONLY,27.0,1
1650580860000,1650581880000,UTC+0900,2022-04-22 07:41:00,2022-04-22 07:58:00,1822.0,1166.0,BOTH,1494.0,17
1650582480000,1650582540000,UTC+0900,2022-04-22 08:08:00,2022-04-22 08:09:00,0.0,22.0,WEARABLE_ONLY,22.0,1
1650583320000,1650583380000,UTC+0900,2022-04-22 08:22:00,2022-04-22 08:23:00,0.0,20.0,WEARABLE_ONLY,20.0,1
1650583500000,1650583560000,UTC+0900,2022-04-22 08:25:00,2022-04-22 08:26:00,0.0,16.0,WEARABLE_ONLY,16.0,1
1650585060000,1650585120000,UTC+0900,2022-04-22 08:51:00,2022-04-22 08:52:00,0.0,10.0,WEARABLE_ONLY,10.0,1
1650585240000,1650585300000,UTC+0900,2022-04-22 08:54:00,2022-04-22 08:55:00,0.0,12.0,WEARABLE_ONLY,12.0,1
1650585840000,1650585960000,UTC+0900,2022-04-22 09:04:00,2022-04-22 09:06:00,0.0,18.0,WEARABLE_ONLY,18.0,2
1650586920000,1650587040000,UTC+0900,2022-04-22 09:22:00,2022-04-22 09:24:00,0.0,20.0,WEARABLE_ONLY,20.0,2
1650587340000,1650587820000,UTC+0900,2022-04-22 09:29:00,2022-04-22 09:37:00,502.0,459.0,BOTH,480.5,8
1650587880000,1650588780000,UTC+0900,2022-04-22 09:38:00,2022-04-22 09:53:00,1610.0,1518.0,BOTH,1564.0,15
1650588840000,1650588960000,UTC+0900,2022-04-22 09:54:00,2022-04-22 09:56:00,0.0,42.0,WEARABLE_ONLY,42.0,2
1650589140000,1650589260000,UTC+0900,2022-04-22 09:59:00,2022-04-22 10:01:00,14.0,0.0,PHONE_ONLY,14.0,2
1650590880000,1650591000000,UTC+0900,2022-04-22 10:28:00,2022-04-22 10:30:00,0.0,23.0,WEARABLE_ONLY,23.0,2
1650592260000,1650592320000,UTC+0900,2022-04-22 10:51:00,2022-04-22 10:52:00,0.0,11.0,WEARABLE_ONLY,11.0,1
1650592380000,1650592440000,UTC+0900,2022-04-22 10:53:00,2022-04-22 10:54:00,0.0,10.0,WEARABLE_ONLY,10.0,1
1650592800000,1650592920000,UTC+0900,2022-04-22 11:00:00,2022-04-22 11:02:00,0.0,43.0,WEARABLE_ONLY,43.0,2
1650593940000,1650594000000,UTC+0900,2022-04-22 11:19:00,2022-04-22 11:20:00,9.0,0.0,PHONE_ONLY,9.0,1
1650594060000,1650594120000,UTC+0900,2022-04-22 11:21:00,2022-04-22 11:22:00,8.0,26.0,BOTH,17.0,1
1650594660000,1650594960000,UTC+0900,2022-04-22 11:31:00,2022-04-22 11:36:00,0.0,109.0,WEARABLE_ONLY,109.0,5
1650595140000,1650595200000,UTC+0900,2022-04-22 11:39:00,2022-04-22 11:40:00,11.0,0.0,PHONE_ONLY,11.0,1
1650595260000,1650595320000,UTC+0900,2022-04-22 11:41:00,2022-04-22 11:42:00,9.0,0.0,PHONE_ONLY,9.0,1
1650636600000,1650637140000,UTC+0900,2022-04-22 23:10:00,2022-04-22 23:19:00,678.0,0.0,PHONE_ONLY,678.0,9
1650640620000,1650640980000,UTC+0900,2022-04-23 00:17:00,2022-04-23 00:23:00,243.0,0.0,PHONE_ONLY,243.0,6
1650641040000,1650641100000,UTC+0900,2022-04-23 00:24:00,2022-04-23 00:25:00,8.0,0.0,PHONE_ONLY,8.0,1
1650641280000,1650641400000,UTC+0900,2022-04-23 00:28:00,2022-04-23 00:30:00,15.0,0.0,PHONE_ONLY,15.0,2
1650641520000,1650641700000,UTC+0900,2022-04-23 00:32:00,2022-04-23 00:35:00,98.0,0.0,PHONE_ONLY,98.0,3
1650643020000,1650643200000,UTC+0900,2022-04-23 00:57:00,2022-04-23 01:00:00,202.0,0.0,PHONE_ONLY,202.0,3
1650647340000,1650647580000,UTC+0900,2022-04-23 02:09:00,2022-04-23 02:13:00,238.0,0.0,PHONE_ONLY,238.0,4
1650647640000,1650647760000,UTC+0900,2022-04-23 02:14:00,2022-04-23 02:16:00,78.0,0.0,PHONE_ONLY,78.0,2
1650648120000,1650648240000,UTC+0900,2022-04-23 02:22:00,2022-04-23 02:24:00,62.0,0.0,PHONE_ONLY,62.0,2
1650648360000,1650648420000,UTC+0900,2022-04-23 02:26:00,2022-04-23 02:27:00,13.0,0.0,PHONE_ONLY,13.0,1
1650649020000,1650649500000,UTC+0900,2022-04-23 02:37:00,2022-04-23 02:45:00,703.0,0.0,PHONE_ONLY,703.0,8
1650651900000,1650652200000,UTC+0900,2022-04-23 03:25:00,2022-04-23 03:30:00,414.0,0.0,PHONE_ONLY,414.0,5
1650654120000,1650654240000,UTC+0900,2022-04-23 04:02:00,2022-04-23 04:04:00,73.0,0.0,PHONE_ONLY,73.0,2
1650654300000,1650654420000,UTC+0900,2022-04-23 04:05:00,2022-04-23 04:07:00,58.0,0.0,PHONE_ONLY,58.0,2
1650654480000,1650654540000,UTC+0900,2022-04-23 04:08:00,2022-04-23 04:09:00,8.0,0.0,PHONE_ONLY,8.0,1
1650656640000,1650656880000,UTC+0900,2022-04-23 04:44:00,2022-04-23 04:48:00,136.0,0.0,PHONE_ONLY,136.0,4
1650658020000,1650658260000,UTC+0900,2022-04-23 05:07:00,2022-04-23 05:11:00,146.0,0.0,PHONE_ONLY,146.0,4
1650658320000,1650658380000,UTC+0900,2022-04-23 05:12:00,2022-04-23 05:13:00,0.0,0.0,BOTH,0.0,1
1650660540000,1650660660000,UTC+0900,2022-04-23 05:49:00,2022-04-23 05:51:00,73.0,0.0,PHONE_ONLY,73.0,2
1650660780000,1650661020000,UTC+0900,2022-04-23 05:53:00,2022-04-23 05:57:00,117.0,0.0,PHONE_ONLY,117.0,4
1650661500000,1650661620000,UTC+0900,2022-04-23 06:05:00,2022-04-23 06:07:00,28.0,0.0,PHONE_ONLY,28.0,2
1650661740000,1650661800000,UTC+0900,2022-04-23 06:09:00,2022-04-23 06:10:00,18.0,0.0,PHONE_ONLY,18.0,1
1650662640000,1650662700000,UTC+0900,2022-04-23 06:24:00,2022-04-23 06:25:00,65.0,0.0,PHONE_ONLY,65.0,1
1650662760000,1650662880000,UTC+0900,2022-04-23 06:26:00,2022-04-23 06:28:00,81.0,0.0,PHONE_ONLY,81.0,2
1650664860000,1650664980000,UTC+0900,2022-04-23 07:01:00,2022-04-23 07:03:00,19.0,0.0,PHONE_ONLY,19.0,2
1650665340000,1650665400000,UTC+0900,2022-04-23 07:09:00,2022-04-23 07:10:00,61.0,0.0,PHONE_ONLY,61.0,1
1650665520000,1650665640000,UTC+0900,2022-04-23 07:12:00,2022-04-23 07:14:00,73.0,0.0,PHONE_ONLY,73.0,2
1650666660000,1650666720000,UTC+0900,2022-04-23 07:31:00,2022-04-23 07:32:00,6.0,0.0,PHONE_ONLY,6.0,1
1650667320000,1650667380000,UTC+0900,2022-04-23 07:42:00,2022-04-23 07:43:00,9.0,0.0,PHONE_ONLY,9.0,1
1650668820000,1650668880000,UTC+0900,2022-04-23 08:07:00,2022-04-23 08:08:00,8.0,0.0,PHONE_ONLY,8.0,1
1650669300000,1650669540000,UTC+0900,2022-04-23 08:15:00,2022-04-23 08:19:00,170.0,0.0,PHONE_ONLY,170.0,4
1650669600000,1650669660000,UTC+0900,2022-04-23 08:20:00,2022-04-23 08:21:00,21.0,0.0,PHONE_ONLY,21.0,1
1650670200000,1650670260000,UTC+0900,2022-04-23 08:30:00,2022-04-23 08:31:00,8.0,0.0,PHONE_ONLY,8.0,1
1650676800000,1650676920000,UTC+0900,2022-04-23 10:20:00,2022-04-23 10:22:00,17.0,0.0,PHONE_ONLY,17.0,2
1650687600000,1650687720000,UTC+0900,2022-04-23 13:20:00,2022-04-23 13:22:00,13.0,0.0,PHONE_ONLY,13.0,2
1650689100000,1650689160000,UTC+0900,2022-04-23 13:45:00,2022-04-23 13:46:00,30.0,0.0,PHONE_ONLY,30.0,1
1650724380000,1650724500000,UTC+0900,2022-04-23 23:33:00,2022-04-23 23:35:00,175.0,0.0,PHONE_ONLY,175.0,2
1650724560000,1650725280000,UTC+0900,2022-04-23 23:36:00,2022-04-23 23:48:00,1150.0,0.0,PHONE_ONLY,1150.0,12
1650729000000,1650729960000,UTC+0900,2022-04-24 00:50:00,2022-04-24 01:06:00,1441.0,0.0,PHONE_ONLY,1441.0,16
1650731220000,1650731280000,UTC+0900,2022-04-24 01:27:00,2022-04-24 01:28:00,12.0,0.0,PHONE_ONLY,12.0,1
1650732060000,1650732120000,UTC+0900,2022-04-24 01:41:00,2022-04-24 01:42:00,21.0,0.0,PHONE_ONLY,21.0,1
1650733800000,1650733860000,UTC+0900,2022-04-24 02:10:00,2022-04-24 02:11:00,6.0,0.0,PHONE_ONLY,6.0,1
1650740940000,1650741000000,UTC+0900,2022-04-24 04:09:00,2022-04-24 04:10:00,0.0,11.0,WEARABLE_ONLY,11.0,1
1650741060000,1650741120000,UTC+0900,2022-04-24 04:11:00,2022-04-24 04:12:00,0.0,42.0,WEARABLE_ONLY,42.0,1
1650742380000,1650742500000,UTC+0900,2022-04-24 04:33:00,2022-04-24 04:35:00,0.0,34.0,WEARABLE_ONLY,34.0,2
1650746460000,1650746580000,UTC+0900,2022-04-24 05:41:00,2022-04-24 05:43:00,0.0,32.0,WEARABLE_ONLY,32.0,2
1650746640000,1650746760000,UTC+0900,2022-04-24 05:44:00,2022-04-24 05:46:00,0.0,51.0,WEARABLE_ONLY,51.0,2
1650746880000,1650747480000,UTC+0900,2022-04-24 05:48:00,2022-04-24 05:58:00,804.0,809.0,BOTH,806.5,10
1650747780000,1650747840000,UTC+0900,2022-04-24 06:03:00,2022-04-24 06:04:00,9.0,0.0,PHONE_ONLY,9.0,1
1650747960000,1650748020000,UTC+0900,2022-04-24 06:06:00,2022-04-24 06:07:00,7.0,0.0,PHONE_ONLY,7.0,1
1650748140000,1650748560000,UTC+0900,2022-04-24 06:09:00,2022-04-24 06:16:00,285.0,340.0,BOTH,312.5,7
1650748620000,1650748680000,UTC+0900,2022-04-24 06:17:00,2022-04-24 06:18:00,34.0,37.0,BOTH,35.5,1
1650748740000,1650748800000,UTC+0900,2022-04-24 06:19:00,2022-04-24 06:20:00,46.0,45.0,BOTH,45.5,1
1650748860000,1650748920000,UTC+0900,2022-04-24 06:21:00,2022-04-24 06:22:00,0.0,14.0,WEARABLE_ONLY,14.0,1
1650748980000,1650749280000,UTC+0900,2022-04-24 06:23:00,2022-04-24 06:28:00,331.0,309.0,BOTH,320.0,5
1650751200000,1650751260000,UTC+0900,2022-04-24 07:00:00,2022-04-24 07:01:00,0.0,10.0,WEARABLE_ONLY,10.0,1
1650753300000,1650754620000,UTC+0900,2022-04-24 07:35:00,2022-04-24 07:57:00,2052.0,2053.0,BOTH,2052.5,22
1650754680000,1650754800000,UTC+0900,2022-04-24 07:58:00,2022-04-24 08:00:00,0.0,23.0,WEARABLE_ONLY,23.0,2
1650755220000,1650755280000,UTC+0900,2022-04-24 08:07:00,2022-04-24 08:08:00,0.0,12.0,WEARABLE_ONLY,12.0,1
1650755340000,1650758700000,UTC+0900,2022-04-24 08:09:00,2022-04-24 09:05:00,5636.0,5570.0,BOTH,5603.0,56
1650758880000,1650760920000,UTC+0900,2022-04-24 09:08:00,2022-04-24 09:42:00,3426.0,3327.0,BOTH,3376.5,34
1650760980000,1650761460000,UTC+0900,2022-04-24 09:43:00,2022-04-24 09:51:00,339.0,381.0,BOTH,360.0,8
1650761520000,1650761820000,UTC+0900,2022-04-24 09:52:00,2022-04-24 09:57:00,40.0,90.0,BOTH,65.0,5
1650769680000,1650769740000,UTC+0900,2022-04-24 12:08:00,2022-04-24 12:09:00,0.0,15.0,WEARABLE_ONLY,15.0,1
1650769800000,1650769860000,UTC+0900,2022-04-24 12:10:00,2022-04-24 12:11:00,0.0,11.0,WEARABLE_ONLY,11.0,1
1650769980000,1650770160000,UTC+0900,2022-04-24 12:13:00,2022-04-24 12:16:00,0.0,117.0,WEARABLE_ONLY,117.0,3
1650784920000,1650784980000,UTC+0900,2022-04-24 16:22:00,2022-04-24 16:23:00,32.0,0.0,PHONE_ONLY,32.0,1
1650813360000,1650813480000,UTC+0900,2022-04-25 00:16:00,2022-04-25 00:18:00,14.0,0.0,PHONE_ONLY,14.0,2
1650813600000,1650813660000,UTC+0900,2022-04-25 00:20:00,2022-04-25 00:21:00,16.0,0.0,PHONE_ONLY,16.0,1
1650814560000,1650814620000,UTC+0900,2022-04-25 00:36:00,2022-04-25 00:37:00,12.0,0.0,PHONE_ONLY,12.0,1
1650819300000,1650819360000,UTC+0900,2022-04-25 01:55:00,2022-04-25 01:56:00,12.0,0.0,PHONE_ONLY,12.0,1
1650827280000,1650827340000,UTC+0900,2022-04-25 04:08:00,2022-04-25 04:09:00,7.0,0.0,PHONE_ONLY,7.0,1
1650838260000,1650838320000,UTC+0900,2022-04-25 07:11:00,2022-04-25 07:12:00,9.0,0.0,PHONE_ONLY,9.0,1
1650839880000,1650839940000,UTC+0900,2022-04-25 07:38:00,2022-04-25 07:39:00,13.0,0.0,PHONE_ONLY,13.0,1
1650842520000,1650842580000,UTC+0900,2022-04-25 08:22:00,2022-04-25 08:23:00,15.0,10.0,BOTH,12.5,1
1650842640000,1650842760000,UTC+0900,2022-04-25 08:24:00,2022-04-25 08:26:00,42.0,31.0,BOTH,36.5,2
1650842820000,1650843000000,UTC+0900,2022-04-25 08:27:00,2022-04-25 08:30:00,81.0,83.0,BOTH,82.0,3
1650843180000,1650843600000,UTC+0900,2022-04-25 08:33:00,2022-04-25 08:40:00,116.0,204.0,BOTH,160.0,7
1650843660000,1650843720000,UTC+0900,2022-04-25 08:41:00,2022-04-25 08:42:00,0.0,10.0,WEARABLE_ONLY,10.0,1
1650845520000,1650845580000,UTC+0900,2022-04-25 09:12:00,2022-04-25 09:13:00,7.0,0.0,PHONE_ONLY,7.0,1
1650848640000,1650848700000,UTC+0900,2022-04-25 10:04:00,2022-04-25 10:05:00,0.0,19.0,WEARABLE_ONLY,19.0,1
1650848880000,1650849000000,UTC+0900,2022-04-25 10:08:00,2022-04-25 10:10:00,0.0,74.0,WEARABLE_ONLY,74.0,2
1650849060000,1650849180000,UTC+0900,2022-04-25 10:11:00,2022-04-25 10:13:00,12.0,10.0,BOTH,11.0,2
1650862560000,1650862620000,UTC+0900,2022-04-25 13:56:00,2022-04-25 13:57:00,9.0,0.0,PHONE_ONLY,9.0,1
1650865080000,1650865140000,UTC+0900,2022-04-25 14:38:00,2022-04-25 14:39:00,7.0,0.0,PHONE_ONLY,7.0,1
1650866040000,1650866280000,UTC+0900,2022-04-25 14:54:00,2022-04-25 14:58:00,200.0,0.0,PHONE_ONLY,200.0,4
1650892200000,1650892260000,UTC+0900,2022-04-25 22:10:00,2022-04-25 22:11:00,17.0,0.0,PHONE_ONLY,17.0,1
1650892680000,1650892740000,UTC+0900,2022-04-25 22:18:00,2022-04-25 22:19:00,28.0,0.0,PHONE_ONLY,28.0,1
1650899520000,1650899580000,UTC+0900,2022-04-26 00:12:00,2022-04-26 00:13:00,15.0,0.0,PHONE_ONLY,15.0,1
1650902880000,1650902940000,UTC+0900,2022-04-26 01:08:00,2022-04-26 01:09:00,8.0,0.0,PHONE_ONLY,8.0,1
1650903420000,1650903480000,UTC+0900,2022-04-26 01:17:00,2022-04-26 01:18:00,10.0,0.0,PHONE_ONLY,10.0,1
1650953820000,1650953880000,UTC+0900,2022-04-26 15:17:00,2022-04-26 15:18:00,17.0,0.0,PHONE_ONLY,17.0,1
1650985860000,1650985920000,UTC+0900,2022-04-27 00:11:00,2022-04-27 00:12:00,7.0,0.0,PHONE_ONLY,7.0,1
1650987720000,1650987780000,UTC+0900,2022-04-27 00:42:00,2022-04-27 00:43:00,10.0,0.0,PHONE_ONLY,10.0,1
1650987900000,1650988020000,UTC+0900,2022-04-27 00:45:00,2022-04-27 00:47:00,12.0,0.0,PHONE_ONLY,12.0,2
1651001520000,1651002420000,UTC+0900,2022-04-27 04:32:00,2022-04-27 04:47:00,1337.0,0.0,PHONE_ONLY,1337.0,15
1651006200000,1651006380000,UTC+0900,2022-04-27 05:50:00,2022-04-27 05:53:00,64.0,0.0,PHONE_ONLY,64.0,3
1651006500000,1651007340000,UTC+0900,2022-04-27 05:55:00,2022-04-27 06:09:00,1337.0,0.0,PHONE_ONLY,1337.0,14
1651008900000,1651008960000,UTC+0900,2022-04-27 06:35:00,2022-04-27 06:36:00,0.0,0.0,BOTH,0.0,1
1651009200000,1651009260000,UTC+0900,2022-04-27 06:40:00,2022-04-27 06:41:00,6.0,0.0,PHONE_ONLY,6.0,1
