START,UTC,READABLE_START,PHONE_STEP,WEARABLE_STEP
1626854220000,UTC+0900,2021-07-21 16:57:00,16.0,0.0
1626854280000,UTC+0900,2021-07-21 16:58:00,6.0,0.0
1626855540000,UTC+0900,2021-07-21 17:19:00,6.0,0.0
1626872100000,UTC+0900,2021-07-21 21:55:00,13.0,0.0
1626875640000,UTC+0900,2021-07-21 22:54:00,7.0,0.0
1626876000000,UTC+0900,2021-07-21 23:00:00,9.0,0.0
1626938220000,UTC+0900,2021-07-22 16:17:00,32.0,0.0
1626938280000,UTC+0900,2021-07-22 16:18:00,28.0,0.0
1626938460000,UTC+0900,2021-07-22 16:21:00,22.0,0.0
1626938520000,UTC+0900,2021-07-22 16:22:00,47.0,0.0
1626938580000,UTC+0900,2021-07-22 16:23:00,26.0,0.0
1626939000000,UTC+0900,2021-07-22 16:30:00,42.0,0.0
1626939060000,UTC+0900,2021-07-22 16:31:00,96.0,0.0
1626939120000,UTC+0900,2021-07-22 16:32:00,84.0,0.0
1626944220000,UTC+0900,2021-07-22 17:57:00,55.0,0.0
1626944400000,UTC+0900,2021-07-22 18:00:00,37.0,0.0
1626950580000,UTC+0900,2021-07-22 19:43:00,6.0,0.0
1626952440000,UTC+0900,2021-07-22 20:14:00,9.0,0.0
1626952500000,UTC+0900,2021-07-22 20:15:00,33.0,0.0
1626952560000,UTC+0900,2021-07-22 20:16:00,9.0,0.0
1626953400000,UTC+0900,2021-07-22 20:30:00,17.0,0.0
1626972780000,UTC+0900,2021-07-23 01:53:00,14.0,0.0
1627017660000,UTC+0900,2021-07-23 14:21:00,6.0,0.0
1627021920000,UTC+0900,2021-07-23 15:32:00,8.0,0.0
1627021980000,UTC+0900,2021-07-23 15:33:00,12.0,0.0
1627023300000,UTC+0900,2021-07-23 15:55:00,6.0,0.0
1627023960000,UTC+0900,2021-07-23 16:06:00,6.0,0.0
1627024980000,UTC+0900,2021-07-23 16:23:00,38.0,0.0
1627025040000,UTC+0900,2021-07-23 16:24:00,84.0,0.0
1627025100000,UTC+0900,2021-07-23 16:25:00,76.0,0.0
1627025160000,UTC+0900,2021-07-23 16:26:00,19.0,0.0
1627115880000,UTC+0900,2021-07-24 17:38:00,43.0,0.0
1627115940000,UTC+0900,2021-07-24 17:39:00,96.0,0.0
1627116180000,UTC+0900,2021-07-24 17:43:00,49.0,0.0
1627116240000,UTC+0900,2021-07-24 17:44:00,87.0,0.0
1627116300000,UTC+0900,2021-07-24 17:45:00,56.0,0.0
1627116360000,UTC+0900,2021-07-24 17:46:00,88.0,0.0
1627116420000,UTC+0900,2021-07-24 17:47:00,46.0,0.0
1627116720000,UTC+0900,2021-07-24 17:52:00,28.0,0.0
1627116780000,UTC+0900,2021-07-24 17:53:00,15.0,0.0
1627116900000,UTC+0900,2021-07-24 17:55:00,29.0,0.0
1627116960000,UTC+0900,2021-07-24 17:56:00,70.0,0.0
1627117020000,UTC+0900,2021-07-24 17:57:00,23.0,0.0
1627131240000,UTC+0900,2021-07-24 21:54:00,50.0,0.0
1627131300000,UTC+0900,2021-07-24 21:55:00,19.0,0.0
1627147860000,UTC+0900,2021-07-25 02:31:00,22.0,0.0
1627147920000,UTC+0900,2021-07-25 02:32:00,15.0,0.0
1627147980000,UTC+0900,2021-07-25 02:33:00,29.0,0.0
1627174440000,UTC+0900,2021-07-25 09:54:00,38.0,0.0
1627174680000,UTC+0900,2021-07-25 09:58:00,7.0,0.0
1627175400000,UTC+0900,2021-07-25 10:10:00,38.0,0.0
1627177200000,UTC+0900,2021-07-25 10:40:00,46.0,0.0
1627177680000,UTC+0900,2021-07-25 10:48:00,56.0,0.0
1627195620000,UTC+0900,2021-07-25 15:47:00,92.0,0.0
1627195680000,UTC+0900,2021-07-25 15:48:00,73.0,0.0
1627210140000,UTC+0900,2021-07-25 19:49:00,8.0,0.0
1627210200000,UTC+0900,2021-07-25 19:50:00,2.0,0.0
1627212360000,UTC+0900,2021-07-25 20:26:00,6.0,0.0
1627217280000,UTC+0900,2021-07-25 21:48:00,8.0,0.0
1627217340000,UTC+0900,2021-07-25 21:49:00,75.0,0.0
1627217400000,UTC+0900,2021-07-25 21:50:00,29.0,0.0
1627273800000,UTC+0900,2021-07-26 13:30:00,14.0,0.0
1627304940000,UTC+0900,2021-07-26 22:09:00,14.0,0.0
1627305000000,UTC+0900,2021-07-26 22:10:00,7.0,0.0
1627370400000,UTC+0900,2021-07-27 16:20:00,49.0,0.0
1627370460000,UTC+0900,2021-07-27 16:21:00,62.0,0.0
1627370520000,UTC+0900,2021-07-27 16:22:00,70.0,0.0
1627370580000,UTC+0900,2021-07-27 16:23:00,31.0,0.0
1627370640000,UTC+0900,2021-07-27 16:24:00,8.0,0.0
1627370760000,UTC+0900,2021-07-27 16:26:00,6.0,0.0
1627371000000,UTC+0900,2021-07-27 16:30:00,17.0,0.0
1627371060000,UTC+0900,2021-07-27 16:31:00,84.0,0.0
1627371120000,UTC+0900,2021-07-27 16:32:00,28.0,0.0
1627371180000,UTC+0900,2021-07-27 16:33:00,54.0,0.0
1627371240000,UTC+0900,2021-07-27 16:34:00,91.0,0.0
1627371300000,UTC+0900,2021-07-27 16:35:00,29.0,0.0
1627372980000,UTC+0900,2021-07-27 17:03:00,15.0,0.0
1627375380000,UTC+0900,2021-07-27 17:43:00,9.0,0.0
1627383420000,UTC+0900,2021-07-27 19:57:00,23.0,0.0
1627385820000,UTC+0900,2021-07-27 20:37:00,6.0,0.0
1627385940000,UTC+0900,2021-07-27 20:39:00,66.0,0.0
1627386000000,UTC+0900,2021-07-27 20:40:00,26.0,0.0
1627386540000,UTC+0900,2021-07-27 20:49:00,17.0,0.0
1627438260000,UTC+0900,2021-07-28 11:11:00,59.0,0.0
1627438320000,UTC+0900,2021-07-28 11:12:00,51.0,0.0
1627441740000,UTC+0900,2021-07-28 12:09:00,13.0,0.0
1627441800000,UTC+0900,2021-07-28 12:10:00,73.0,0.0
1627441860000,UTC+0900,2021-07-28 12:11:00,26.0,0.0
1627448400000,UTC+0900,2021-07-28 14:00:00,92.0,0.0
1627448460000,UTC+0900,2021-07-28 14:01:00,82.0,0.0
1627448520000,UTC+0900,2021-07-28 14:02:00,70.0,0.0
1627454160000,UTC+0900,2021-07-28 15:36:00,73.0,0.0
1627454220000,UTC+0900,2021-07-28 15:37:00,12.0,0.0
1627454340000,UTC+0900,2021-07-28 15:39:00,24.0,0.0
1627454400000,UTC+0900,2021-07-28 15:40:00,77.0,0.0
1627459020000,UTC+0900,2021-07-28 16:57:00,58.0,0.0
1627459080000,UTC+0900,2021-07-28 16:58:00,49.0,0.0
1627462680000,UTC+0900,2021-07-28 17:58:00,43.0,0.0
1627464480000,UTC+0900,2021-07-28 18:28:00,43.0,0.0
1627464540000,UTC+0900,2021-07-28 18:29:00,17.0,0.0
1627465560000,UTC+0900,2021-07-28 18:46:00,68.0,0.0
1627465620000,UTC+0900,2021-07-28 18:47:00,13.0,0.0
1627466400000,UTC+0900,2021-07-28 19:00:00,32.0,0.0
1627466460000,UTC+0900,2021-07-28 19:01:00,15.0,0.0
1627470120000,UTC+0900,2021-07-28 20:02:00,94.0,0.0
1627470180000,UTC+0900,2021-07-28 20:03:00,7.0,0.0
1627470240000,UTC+0900,2021-07-28 20:04:00,15.0,0.0
1627470300000,UTC+0900,2021-07-28 20:05:00,98.0,0.0
1627470360000,UTC+0900,2021-07-28 20:06:00,101.0,0.0
1627526820000,UTC+0900,2021-07-29 11:47:00,23.0,0.0
1627526880000,UTC+0900,2021-07-29 11:48:00,101.0,0.0
1627526940000,UTC+0900,2021-07-29 11:49:00,110.0,0.0
1627527000000,UTC+0900,2021-07-29 11:50:00,109.0,0.0
1627527060000,UTC+0900,2021-07-29 11:51:00,109.0,0.0
1627527120000,UTC+0900,2021-07-29 11:52:00,95.0,0.0
1627527180000,UTC+0900,2021-07-29 11:53:00,13.0,0.0
1627527600000,UTC+0900,2021-07-29 12:00:00,13.0,0.0
1627527660000,UTC+0900,2021-07-29 12:01:00,33.0,0.0
1627527720000,UTC+0900,2021-07-29 12:02:00,18.0,0.0
1627527780000,UTC+0900,2021-07-29 12:03:00,45.0,0.0
1627527840000,UTC+0900,2021-07-29 12:04:00,34.0,0.0
1627528500000,UTC+0900,2021-07-29 12:15:00,9.0,0.0
1627530240000,UTC+0900,2021-07-29 12:44:00,8.0,0.0
1627530300000,UTC+0900,2021-07-29 12:45:00,40.0,0.0
1627530360000,UTC+0900,2021-07-29 12:46:00,14.0,0.0
1627530420000,UTC+0900,2021-07-29 12:47:00,44.0,0.0
1627530480000,UTC+0900,2021-07-29 12:48:00,72.0,0.0
1627530540000,UTC+0900,2021-07-29 12:49:00,111.0,0.0
1627530600000,UTC+0900,2021-07-29 12:50:00,112.0,0.0
1627530660000,UTC+0900,2021-07-29 12:51:00,90.0,0.0
1627530720000,UTC+0900,2021-07-29 12:52:00,77.0,0.0
1627530780000,UTC+0900,2021-07-29 12:53:00,30.0,0.0
1627530840000,UTC+0900,2021-07-29 12:54:00,12.0,0.0
1627546080000,UTC+0900,2021-07-29 17:08:00,28.0,0.0
1627546140000,UTC+0900,2021-07-29 17:09:00,87.0,0.0
1627546200000,UTC+0900,2021-07-29 17:10:00,89.0,0.0
1627547040000,UTC+0900,2021-07-29 17:24:00,8.0,0.0
1627552860000,UTC+0900,2021-07-29 19:01:00,14.0,0.0
1627553400000,UTC+0900,2021-07-29 19:10:00,16.0,0.0
1627578840000,UTC+0900,2021-07-30 02:14:00,22.0,0.0
1627579740000,UTC+0900,2021-07-30 02:29:00,6.0,0.0
1627590660000,UTC+0900,2021-07-30 05:31:00,8.0,0.0
1627619700000,UTC+0900,2021-07-30 13:35:00,43.0,0.0
1627619760000,UTC+0900,2021-07-30 13:36:00,17.0,0.0
1627620240000,UTC+0900,2021-07-30 13:44:00,46.0,0.0
1627634400000,UTC+0900,2021-07-30 17:40:00,34.0,0.0
1627634460000,UTC+0900,2021-07-30 17:41:00,97.0,0.0
1627634580000,UTC+0900,2021-07-30 17:43:00,41.0,0.0
1627634640000,UTC+0900,2021-07-30 17:44:00,91.0,0.0
1627639920000,UTC+0900,2021-07-30 19:12:00,10.0,0.0
1627650180000,UTC+0900,2021-07-30 22:03:00,64.0,0.0
1627650240000,UTC+0900,2021-07-30 22:04:00,16.0,0.0
1627658100000,UTC+0900,2021-07-31 00:15:00,9.0,0.0
1627691280000,UTC+0900,2021-07-31 09:28:00,16.0,0.0
1627704960000,UTC+0900,2021-07-31 13:16:00,7.0,0.0
1627710360000,UTC+0900,2021-07-31 14:46:00,51.0,0.0
1627710420000,UTC+0900,2021-07-31 14:47:00,106.0,0.0
1627710480000,UTC+0900,2021-07-31 14:48:00,7.0,0.0
1627710540000,UTC+0900,2021-07-31 14:49:00,57.0,0.0
1627710600000,UTC+0900,2021-07-31 14:50:00,15.0,0.0
1627710900000,UTC+0900,2021-07-31 14:55:00,13.0,0.0
1627710960000,UTC+0900,2021-07-31 14:56:00,16.0,0.0
1627711200000,UTC+0900,2021-07-31 15:00:00,8.0,0.0
1627711260000,UTC+0900,2021-07-31 15:01:00,35.0,0.0
1627711380000,UTC+0900,2021-07-31 15:03:00,74.0,0.0
1627711440000,UTC+0900,2021-07-31 15:04:00,63.0,0.0
1627711500000,UTC+0900,2021-07-31 15:05:00,25.0,0.0
1627731240000,UTC+0900,2021-07-31 20:34:00,13.0,0.0
1627731720000,UTC+0900,2021-07-31 20:42:00,8.0,0.0
1627750320000,UTC+0900,2021-08-01 01:52:00,43.0,0.0
1627753740000,UTC+0900,2021-08-01 02:49:00,6.0,0.0
1627787640000,UTC+0900,2021-08-01 12:14:00,7.0,0.0
1627803900000,UTC+0900,2021-08-01 16:45:00,27.0,0.0
1627808880000,UTC+0900,2021-08-01 18:08:00,12.0,0.0
1627809540000,UTC+0900,2021-08-01 18:19:00,7.0,0.0
1627810620000,UTC+0900,2021-08-01 18:37:00,7.0,0.0
1627810860000,UTC+0900,2021-08-01 18:41:00,8.0,0.0
1627812480000,UTC+0900,2021-08-01 19:08:00,42.0,0.0
1627812540000,UTC+0900,2021-08-01 19:09:00,82.0,0.0
1627812600000,UTC+0900,2021-08-01 19:10:00,83.0,0.0
1627816140000,UTC+0900,2021-08-01 20:09:00,12.0,0.0
1627816260000,UTC+0900,2021-08-01 20:11:00,6.0,0.0
1627816320000,UTC+0900,2021-08-01 20:12:00,5.0,0.0
1627844220000,UTC+0900,2021-08-02 03:57:00,12.0,0.0
1627844280000,UTC+0900,2021-08-02 03:58:00,12.0,0.0
1627846260000,UTC+0900,2021-08-02 04:31:00,10.0,0.0
1627846740000,UTC+0900,2021-08-02 04:39:00,8.0,0.0
1627884540000,UTC+0900,2021-08-02 15:09:00,82.0,0.0
1627884600000,UTC+0900,2021-08-02 15:10:00,87.0,0.0
1627884660000,UTC+0900,2021-08-02 15:11:00,16.0,0.0
1627884840000,UTC+0900,2021-08-02 15:14:00,97.0,0.0
1627884900000,UTC+0900,2021-08-02 15:15:00,55.0,0.0
1627892160000,UTC+0900,2021-08-02 17:16:00,13.0,0.0
1627892520000,UTC+0900,2021-08-02 17:22:00,6.0,0.0
1627942020000,UTC+0900,2021-08-03 07:07:00,13.0,0.0
1627970460000,UTC+0900,2021-08-03 15:01:00,20.0,0.0
1627970520000,UTC+0900,2021-08-03 15:02:00,108.0,0.0
1627970580000,UTC+0900,2021-08-03 15:03:00,15.0,0.0
1628006940000,UTC+0900,2021-08-04 01:09:00,14.0,0.0
1628018640000,UTC+0900,2021-08-04 04:24:00,7.0,0.0
1628018700000,UTC+0900,2021-08-04 04:25:00,14.0,0.0
1628018880000,UTC+0900,2021-08-04 04:28:00,6.0,0.0
1628019120000,UTC+0900,2021-08-04 04:32:00,13.0,0.0
1628020680000,UTC+0900,2021-08-04 04:58:00,15.0,0.0
1628045940000,UTC+0900,2021-08-04 11:59:00,15.0,0.0
1628047140000,UTC+0900,2021-08-04 12:19:00,9.0,0.0
1628047380000,UTC+0900,2021-08-04 12:23:00,6.0,0.0
1628073360000,UTC+0900,2021-08-04 19:36:00,25.0,0.0
1628073420000,UTC+0900,2021-08-04 19:37:00,38.0,0.0
1628073480000,UTC+0900,2021-08-04 19:38:00,57.0,0.0
1628073540000,UTC+0900,2021-08-04 19:39:00,46.0,0.0
1628073600000,UTC+0900,2021-08-04 19:40:00,35.0,0.0
1628073720000,UTC+0900,2021-08-04 19:42:00,96.0,0.0
1628073780000,UTC+0900,2021-08-04 19:43:00,21.0,0.0
1628074740000,UTC+0900,2021-08-04 19:59:00,52.0,0.0
1628074800000,UTC+0900,2021-08-04 20:00:00,99.0,0.0
1628074860000,UTC+0900,2021-08-04 20:01:00,11.0,0.0
1628093100000,UTC+0900,2021-08-05 01:05:00,15.0,0.0
1628096640000,UTC+0900,2021-08-05 02:04:00,24.0,0.0
1628152200000,UTC+0900,2021-08-05 17:30:00,17.0,0.0
1628152260000,UTC+0900,2021-08-05 17:31:00,39.0,0.0
1628185440000,UTC+0900,2021-08-06 02:44:00,53.0,0.0
1628185500000,UTC+0900,2021-08-06 02:45:00,12.0,0.0
1628186400000,UTC+0900,2021-08-06 03:00:00,6.0,0.0
1628188020000,UTC+0900,2021-08-06 03:27:00,6.0,0.0
1628188860000,UTC+0900,2021-08-06 03:41:00,8.0,0.0
1628189640000,UTC+0900,2021-08-06 03:54:00,6.0,0.0
1628189940000,UTC+0900,2021-08-06 03:59:00,7.0,0.0
1628190960000,UTC+0900,2021-08-06 04:16:00,8.0,0.0
1628191020000,UTC+0900,2021-08-06 04:17:00,7.0,0.0
1628220780000,UTC+0900,2021-08-06 12:33:00,11.0,0.0
1628260680000,UTC+0900,2021-08-06 23:38:00,15.0,0.0
1628275380000,UTC+0900,2021-08-07 03:43:00,13.0,0.0
1628275440000,UTC+0900,2021-08-07 03:44:00,6.0,0.0
1628276340000,UTC+0900,2021-08-07 03:59:00,6.0,0.0
1628276520000,UTC+0900,2021-08-07 04:02:00,8.0,0.0
1628309040000,UTC+0900,2021-08-07 13:04:00,6.0,0.0
1628309760000,UTC+0900,2021-08-07 13:16:00,6.0,0.0
1628311740000,UTC+0900,2021-08-07 13:49:00,9.0,0.0
1628316600000,UTC+0900,2021-08-07 15:10:00,53.0,0.0
1628320800000,UTC+0900,2021-08-07 16:20:00,68.0,0.0
1628320860000,UTC+0900,2021-08-07 16:21:00,40.0,0.0
1628320920000,UTC+0900,2021-08-07 16:22:00,77.0,0.0
1628329140000,UTC+0900,2021-08-07 18:39:00,74.0,0.0
1628329200000,UTC+0900,2021-08-07 18:40:00,53.0,0.0
1628329260000,UTC+0900,2021-08-07 18:41:00,7.0,0.0
1628329740000,UTC+0900,2021-08-07 18:49:00,7.0,0.0
1628331180000,UTC+0900,2021-08-07 19:13:00,76.0,0.0
1628331240000,UTC+0900,2021-08-07 19:14:00,31.0,0.0
1628331300000,UTC+0900,2021-08-07 19:15:00,45.0,0.0
1628332080000,UTC+0900,2021-08-07 19:28:00,12.0,0.0
1628332560000,UTC+0900,2021-08-07 19:36:00,13.0,0.0
1628334720000,UTC+0900,2021-08-07 20:12:00,6.0,0.0
1628335080000,UTC+0900,2021-08-07 20:18:00,6.0,0.0
1628405460000,UTC+0900,2021-08-08 15:51:00,22.0,0.0
1628405520000,UTC+0900,2021-08-08 15:52:00,103.0,0.0
1628405580000,UTC+0900,2021-08-08 15:53:00,60.0,0.0
1628422560000,UTC+0900,2021-08-08 20:36:00,51.0,0.0
1628422620000,UTC+0900,2021-08-08 20:37:00,61.0,0.0
1628422680000,UTC+0900,2021-08-08 20:38:00,80.0,0.0
1628425140000,UTC+0900,2021-08-08 21:19:00,6.0,0.0
1628520300000,UTC+0900,2021-08-09 23:45:00,71.0,0.0
1628520360000,UTC+0900,2021-08-09 23:46:00,67.0,0.0
1628520420000,UTC+0900,2021-08-09 23:47:00,51.0,0.0
1628530860000,UTC+0900,2021-08-10 02:41:00,29.0,0.0
1628556720000,UTC+0900,2021-08-10 09:52:00,6.0,0.0
1628586420000,UTC+0900,2021-08-10 18:07:00,102.0,0.0
1628586480000,UTC+0900,2021-08-10 18:08:00,79.0,0.0
1628586540000,UTC+0900,2021-08-10 18:09:00,4.0,0.0
1628588220000,UTC+0900,2021-08-10 18:37:00,8.0,0.0
1628589300000,UTC+0900,2021-08-10 18:55:00,7.0,0.0
1628665200000,UTC+0900,2021-08-11 16:00:00,13.0,0.0
1628694120000,UTC+0900,2021-08-12 00:02:00,26.0,0.0
1628694180000,UTC+0900,2021-08-12 00:03:00,12.0,0.0
1628694240000,UTC+0900,2021-08-12 00:04:00,20.0,0.0
1628694660000,UTC+0900,2021-08-12 00:11:00,16.0,0.0
1628694720000,UTC+0900,2021-08-12 00:12:00,37.0,0.0
1628712840000,UTC+0900,2021-08-12 05:14:00,33.0,0.0
1628712900000,UTC+0900,2021-08-12 05:15:00,2.0,0.0
1628746560000,UTC+0900,2021-08-12 14:36:00,12.0,0.0
1628747880000,UTC+0900,2021-08-12 14:58:00,76.0,0.0
1628747940000,UTC+0900,2021-08-12 14:59:00,65.0,0.0
1628748060000,UTC+0900,2021-08-12 15:01:00,76.0,0.0
1628748120000,UTC+0900,2021-08-12 15:02:00,97.0,0.0
1628748180000,UTC+0900,2021-08-12 15:03:00,118.0,0.0
1628748240000,UTC+0900,2021-08-12 15:04:00,119.0,0.0
1628748300000,UTC+0900,2021-08-12 15:05:00,110.0,0.0
1628748360000,UTC+0900,2021-08-12 15:06:00,50.0,0.0
1628748420000,UTC+0900,2021-08-12 15:07:00,34.0,0.0
1628748480000,UTC+0900,2021-08-12 15:08:00,21.0,0.0
1628748660000,UTC+0900,2021-08-12 15:11:00,77.0,0.0
1628748720000,UTC+0900,2021-08-12 15:12:00,108.0,0.0
1628748780000,UTC+0900,2021-08-12 15:13:00,110.0,0.0
1628748840000,UTC+0900,2021-08-12 15:14:00,116.0,0.0
1628748900000,UTC+0900,2021-08-12 15:15:00,118.0,0.0
1628748960000,UTC+0900,2021-08-12 15:16:00,109.0,0.0
1628749020000,UTC+0900,2021-08-12 15:17:00,24.0,0.0
1628749140000,UTC+0900,2021-08-12 15:19:00,21.0,0.0
1628755980000,UTC+0900,2021-08-12 17:13:00,20.0,0.0
1628757480000,UTC+0900,2021-08-12 17:38:00,6.0,0.0
1628767560000,UTC+0900,2021-08-12 20:26:00,7.0,0.0
1628767620000,UTC+0900,2021-08-12 20:27:00,6.0,0.0
1628767680000,UTC+0900,2021-08-12 20:28:00,7.0,0.0
1628782260000,UTC+0900,2021-08-13 00:31:00,25.0,0.0
1628789700000,UTC+0900,2021-08-13 02:35:00,7.0,0.0
1628789760000,UTC+0900,2021-08-13 02:36:00,6.0,0.0
1628791440000,UTC+0900,2021-08-13 03:04:00,7.0,0.0
1628823240000,UTC+0900,2021-08-13 11:54:00,87.0,0.0
1628823300000,UTC+0900,2021-08-13 11:55:00,101.0,0.0
1628823360000,UTC+0900,2021-08-13 11:56:00,63.0,0.0
1628823420000,UTC+0900,2021-08-13 11:57:00,51.0,0.0
1628823480000,UTC+0900,2021-08-13 11:58:00,15.0,0.0
1628845140000,UTC+0900,2021-08-13 17:59:00,22.0,0.0
1628852520000,UTC+0900,2021-08-13 20:02:00,6.0,0.0
1628869560000,UTC+0900,2021-08-14 00:46:00,12.0,0.0
1628869620000,UTC+0900,2021-08-14 00:47:00,2.0,0.0
1628870400000,UTC+0900,2021-08-14 01:00:00,8.0,0.0
1628871960000,UTC+0900,2021-08-14 01:26:00,8.0,0.0
1628913660000,UTC+0900,2021-08-14 13:01:00,16.0,0.0
1628926980000,UTC+0900,2021-08-14 16:43:00,20.0,0.0
1628930340000,UTC+0900,2021-08-14 17:39:00,8.0,0.0
1628943240000,UTC+0900,2021-08-14 21:14:00,12.0,0.0
1628946300000,UTC+0900,2021-08-14 22:05:00,7.0,0.0
1628963220000,UTC+0900,2021-08-15 02:47:00,13.0,0.0
1628963640000,UTC+0900,2021-08-15 02:54:00,14.0,0.0
1628964420000,UTC+0900,2021-08-15 03:07:00,9.0,0.0
1628965800000,UTC+0900,2021-08-15 03:30:00,13.0,0.0
1628968320000,UTC+0900,2021-08-15 04:12:00,68.0,0.0
1628968380000,UTC+0900,2021-08-15 04:13:00,91.0,0.0
1629013200000,UTC+0900,2021-08-15 16:40:00,30.0,0.0
1629013260000,UTC+0900,2021-08-15 16:41:00,45.0,0.0
1629013380000,UTC+0900,2021-08-15 16:43:00,92.0,0.0
1629013440000,UTC+0900,2021-08-15 16:44:00,42.0,0.0
1629024420000,UTC+0900,2021-08-15 19:47:00,12.0,0.0
1629024660000,UTC+0900,2021-08-15 19:51:00,15.0,0.0
1629024720000,UTC+0900,2021-08-15 19:52:00,37.0,0.0
1629024780000,UTC+0900,2021-08-15 19:53:00,1.0,0.0
1629024900000,UTC+0900,2021-08-15 19:55:00,20.0,0.0
1629024960000,UTC+0900,2021-08-15 19:56:00,65.0,0.0
1629025260000,UTC+0900,2021-08-15 20:01:00,59.0,0.0
1629025560000,UTC+0900,2021-08-15 20:06:00,25.0,0.0
1629025620000,UTC+0900,2021-08-15 20:07:00,53.0,0.0
1629025680000,UTC+0900,2021-08-15 20:08:00,13.0,0.0
1629034140000,UTC+0900,2021-08-15 22:29:00,47.0,0.0
1629034440000,UTC+0900,2021-08-15 22:34:00,12.0,0.0
1629034500000,UTC+0900,2021-08-15 22:35:00,6.0,0.0
1629040260000,UTC+0900,2021-08-16 00:11:00,9.0,0.0
1629042720000,UTC+0900,2021-08-16 00:52:00,15.0,0.0
1629091140000,UTC+0900,2021-08-16 14:19:00,56.0,0.0
1629091200000,UTC+0900,2021-08-16 14:20:00,23.0,0.0
1629091320000,UTC+0900,2021-08-16 14:22:00,21.0,0.0
1629091380000,UTC+0900,2021-08-16 14:23:00,13.0,0.0
1629091440000,UTC+0900,2021-08-16 14:24:00,23.0,0.0
1629091500000,UTC+0900,2021-08-16 14:25:00,19.0,0.0
1629091560000,UTC+0900,2021-08-16 14:26:00,14.0,0.0
1629091680000,UTC+0900,2021-08-16 14:28:00,80.0,0.0
1629091740000,UTC+0900,2021-08-16 14:29:00,83.0,0.0
1629091800000,UTC+0900,2021-08-16 14:30:00,18.0,0.0
1629091860000,UTC+0900,2021-08-16 14:31:00,62.0,0.0
1629091920000,UTC+0900,2021-08-16 14:32:00,13.0,0.0
1629092040000,UTC+0900,2021-08-16 14:34:00,63.0,0.0
1629092100000,UTC+0900,2021-08-16 14:35:00,93.0,0.0
1629092160000,UTC+0900,2021-08-16 14:36:00,4.0,0.0
1629092280000,UTC+0900,2021-08-16 14:38:00,31.0,0.0
1629092340000,UTC+0900,2021-08-16 14:39:00,21.0,0.0
1629093900000,UTC+0900,2021-08-16 15:05:00,8.0,0.0
1629093960000,UTC+0900,2021-08-16 15:06:00,23.0,0.0
1629096660000,UTC+0900,2021-08-16 15:51:00,20.0,0.0
1629096720000,UTC+0900,2021-08-16 15:52:00,3.0,0.0
1629128640000,UTC+0900,2021-08-17 00:44:00,17.0,0.0
1629128700000,UTC+0900,2021-08-17 00:45:00,7.0,0.0
1629128940000,UTC+0900,2021-08-17 00:49:00,0.0,0.0
1629173520000,UTC+0900,2021-08-17 13:12:00,12.0,0.0
1629174000000,UTC+0900,2021-08-17 13:20:00,19.0,0.0
1629174060000,UTC+0900,2021-08-17 13:21:00,29.0,0.0
1629174540000,UTC+0900,2021-08-17 13:29:00,30.0,0.0
1629181440000,UTC+0900,2021-08-17 15:24:00,17.0,0.0
1629181500000,UTC+0900,2021-08-17 15:25:00,31.0,0.0
1629185280000,UTC+0900,2021-08-17 16:28:00,6.0,0.0
1629187080000,UTC+0900,2021-08-17 16:58:00,7.0,0.0
1629205440000,UTC+0900,2021-08-17 22:04:00,25.0,0.0
1629205620000,UTC+0900,2021-08-17 22:07:00,8.0,0.0
1629205680000,UTC+0900,2021-08-17 22:08:00,57.0,0.0
1629205740000,UTC+0900,2021-08-17 22:09:00,37.0,0.0
1629205800000,UTC+0900,2021-08-17 22:10:00,1.0,0.0
1629206160000,UTC+0900,2021-08-17 22:16:00,15.0,0.0
1629206280000,UTC+0900,2021-08-17 22:18:00,13.0,0.0
1629206340000,UTC+0900,2021-08-17 22:19:00,13.0,0.0
1629206400000,UTC+0900,2021-08-17 22:20:00,42.0,0.0
1629206460000,UTC+0900,2021-08-17 22:21:00,32.0,0.0
1629206520000,UTC+0900,2021-08-17 22:22:00,17.0,0.0
1629209220000,UTC+0900,2021-08-17 23:07:00,72.0,0.0
1629209280000,UTC+0900,2021-08-17 23:08:00,106.0,0.0
1629209340000,UTC+0900,2021-08-17 23:09:00,116.0,0.0
1629209400000,UTC+0900,2021-08-17 23:10:00,121.0,0.0
1629209460000,UTC+0900,2021-08-17 23:11:00,120.0,0.0
1629209520000,UTC+0900,2021-08-17 23:12:00,118.0,0.0
1629209580000,UTC+0900,2021-08-17 23:13:00,42.0,0.0
1629209640000,UTC+0900,2021-08-17 23:14:00,63.0,0.0
1629209700000,UTC+0900,2021-08-17 23:15:00,67.0,0.0
1629209760000,UTC+0900,2021-08-17 23:16:00,113.0,0.0
1629209820000,UTC+0900,2021-08-17 23:17:00,118.0,0.0
1629209880000,UTC+0900,2021-08-17 23:18:00,115.0,0.0
1629209940000,UTC+0900,2021-08-17 23:19:00,115.0,0.0
1629210000000,UTC+0900,2021-08-17 23:20:00,80.0,0.0
1629210060000,UTC+0900,2021-08-17 23:21:00,9.0,0.0
1629217920000,UTC+0900,2021-08-18 01:32:00,13.0,0.0
1629244680000,UTC+0900,2021-08-18 08:58:00,21.0,0.0
1629244740000,UTC+0900,2021-08-18 08:59:00,18.0,0.0
1629244800000,UTC+0900,2021-08-18 09:00:00,101.0,0.0
1629244860000,UTC+0900,2021-08-18 09:01:00,102.0,42.0
1629244920000,UTC+0900,2021-08-18 09:02:00,119.0,95.0
1629244980000,UTC+0900,2021-08-18 09:03:00,92.0,87.0
1629245040000,UTC+0900,2021-08-18 09:04:00,0.0,88.0
1629245100000,UTC+0900,2021-08-18 09:05:00,0.0,9.0
1629245160000,UTC+0900,2021-08-18 09:06:00,0.0,11.0
1629245400000,UTC+0900,2021-08-18 09:10:00,12.0,0.0
1629245520000,UTC+0900,2021-08-18 09:12:00,0.0,13.0
1629245700000,UTC+0900,2021-08-18 09:15:00,7.0,0.0
1629245820000,UTC+0900,2021-08-18 09:17:00,8.0,0.0
1629245880000,UTC+0900,2021-08-18 09:18:00,39.0,24.0
1629245940000,UTC+0900,2021-08-18 09:19:00,0.0,31.0
1629246000000,UTC+0900,2021-08-18 09:20:00,45.0,2.0
1629246060000,UTC+0900,2021-08-18 09:21:00,65.0,10.0
1629246120000,UTC+0900,2021-08-18 09:22:00,27.0,11.0
1629246180000,UTC+0900,2021-08-18 09:23:00,44.0,0.0
1629246240000,UTC+0900,2021-08-18 09:24:00,108.0,0.0
1629246420000,UTC+0900,2021-08-18 09:27:00,86.0,0.0
1629246480000,UTC+0900,2021-08-18 09:28:00,12.0,80.0
1629246540000,UTC+0900,2021-08-18 09:29:00,0.0,4.0
1629246600000,UTC+0900,2021-08-18 09:30:00,0.0,13.0
1629246720000,UTC+0900,2021-08-18 09:32:00,20.0,0.0
1629246840000,UTC+0900,2021-08-18 09:34:00,18.0,15.0
1629246900000,UTC+0900,2021-08-18 09:35:00,7.0,11.0
1629246960000,UTC+0900,2021-08-18 09:36:00,0.0,31.0
1629248340000,UTC+0900,2021-08-18 09:59:00,27.0,0.0
1629248460000,UTC+0900,2021-08-18 10:01:00,0.0,14.0
1629248520000,UTC+0900,2021-08-18 10:02:00,15.0,0.0
1629248580000,UTC+0900,2021-08-18 10:03:00,11.0,11.0
1629248640000,UTC+0900,2021-08-18 10:04:00,8.0,0.0
1629248700000,UTC+0900,2021-08-18 10:05:00,0.0,37.0
1629248940000,UTC+0900,2021-08-18 10:09:00,0.0,12.0
1629249000000,UTC+0900,2021-08-18 10:10:00,15.0,0.0
1629249060000,UTC+0900,2021-08-18 10:11:00,6.0,11.0
1629249120000,UTC+0900,2021-08-18 10:12:00,0.0,16.0
1629249480000,UTC+0900,2021-08-18 10:18:00,0.0,21.0
1629249540000,UTC+0900,2021-08-18 10:19:00,60.0,0.0
1629249600000,UTC+0900,2021-08-18 10:20:00,45.0,25.0
1629249660000,UTC+0900,2021-08-18 10:21:00,0.0,57.0
1629249720000,UTC+0900,2021-08-18 10:22:00,0.0,25.0
1629249840000,UTC+0900,2021-08-18 10:24:00,32.0,0.0
1629249900000,UTC+0900,2021-08-18 10:25:00,73.0,0.0
1629249960000,UTC+0900,2021-08-18 10:26:00,22.0,86.0
1629250020000,UTC+0900,2021-08-18 10:27:00,15.0,43.0
1629250080000,UTC+0900,2021-08-18 10:28:00,0.0,13.0
1629250140000,UTC+0900,2021-08-18 10:29:00,7.0,0.0
1629250440000,UTC+0900,2021-08-18 10:34:00,7.0,0.0
1629251820000,UTC+0900,2021-08-18 10:57:00,6.0,0.0
1629252060000,UTC+0900,2021-08-18 11:01:00,8.0,0.0
1629252120000,UTC+0900,2021-08-18 11:02:00,30.0,0.0
1629252240000,UTC+0900,2021-08-18 11:04:00,0.0,27.0
1629253500000,UTC+0900,2021-08-18 11:25:00,30.0,0.0
1629253560000,UTC+0900,2021-08-18 11:26:00,22.0,20.0
1629253620000,UTC+0900,2021-08-18 11:27:00,0.0,14.0
1629254280000,UTC+0900,2021-08-18 11:38:00,11.0,11.0
1629254340000,UTC+0900,2021-08-18 11:39:00,13.0,0.0
1629254460000,UTC+0900,2021-08-18 11:41:00,22.0,0.0
1629254520000,UTC+0900,2021-08-18 11:42:00,2.0,0.0
1629254580000,UTC+0900,2021-08-18 11:43:00,7.0,20.0
1629254640000,UTC+0900,2021-08-18 11:44:00,9.0,14.0
1629254760000,UTC+0900,2021-08-18 11:46:00,9.0,0.0
1629255000000,UTC+0900,2021-08-18 11:50:00,6.0,0.0
1629255060000,UTC+0900,2021-08-18 11:51:00,18.0,0.0
1629255120000,UTC+0900,2021-08-18 11:52:00,61.0,0.0
1629255180000,UTC+0900,2021-08-18 11:53:00,56.0,50.0
1629255240000,UTC+0900,2021-08-18 11:54:00,6.0,55.0
1629255300000,UTC+0900,2021-08-18 11:55:00,0.0,7.0
1629255360000,UTC+0900,2021-08-18 11:56:00,0.0,25.0
1629255420000,UTC+0900,2021-08-18 11:57:00,53.0,23.0
1629255480000,UTC+0900,2021-08-18 11:58:00,97.0,10.0
1629255540000,UTC+0900,2021-08-18 11:59:00,70.0,0.0
1629255600000,UTC+0900,2021-08-18 12:00:00,49.0,0.0
1629255660000,UTC+0900,2021-08-18 12:01:00,55.0,0.0
1629255780000,UTC+0900,2021-08-18 12:03:00,87.0,0.0
1629255840000,UTC+0900,2021-08-18 12:04:00,95.0,0.0
1629255900000,UTC+0900,2021-08-18 12:05:00,23.0,49.0
1629255960000,UTC+0900,2021-08-18 12:06:00,0.0,51.0
1629256200000,UTC+0900,2021-08-18 12:10:00,91.0,18.0
1629256260000,UTC+0900,2021-08-18 12:11:00,40.0,73.0
1629256320000,UTC+0900,2021-08-18 12:12:00,26.0,73.0
1629256380000,UTC+0900,2021-08-18 12:13:00,87.0,27.0
1629256440000,UTC+0900,2021-08-18 12:14:00,48.0,67.0
1629256500000,UTC+0900,2021-08-18 12:15:00,0.0,81.0
1629256560000,UTC+0900,2021-08-18 12:16:00,0.0,10.0
1629256980000,UTC+0900,2021-08-18 12:23:00,37.0,0.0
1629257340000,UTC+0900,2021-08-18 12:29:00,15.0,0.0
1629257400000,UTC+0900,2021-08-18 12:30:00,11.0,0.0
1629262620000,UTC+0900,2021-08-18 13:57:00,18.0,0.0
1629262740000,UTC+0900,2021-08-18 13:59:00,15.0,0.0
1629262800000,UTC+0900,2021-08-18 14:00:00,81.0,0.0
1629262860000,UTC+0900,2021-08-18 14:01:00,15.0,51.0
1629262920000,UTC+0900,2021-08-18 14:02:00,69.0,65.0
1629262980000,UTC+0900,2021-08-18 14:03:00,100.0,76.0
1629263040000,UTC+0900,2021-08-18 14:04:00,116.0,100.0
1629263100000,UTC+0900,2021-08-18 14:05:00,119.0,122.0
1629263160000,UTC+0900,2021-08-18 14:06:00,115.0,116.0
1629263220000,UTC+0900,2021-08-18 14:07:00,28.0,110.0
1629263280000,UTC+0900,2021-08-18 14:08:00,23.0,63.0
1629263340000,UTC+0900,2021-08-18 14:09:00,48.0,41.0
1629263400000,UTC+0900,2021-08-18 14:10:00,8.0,69.0
1629263460000,UTC+0900,2021-08-18 14:11:00,69.0,0.0
1629263520000,UTC+0900,2021-08-18 14:12:00,60.0,91.0
1629263580000,UTC+0900,2021-08-18 14:13:00,0.0,49.0
1629264300000,UTC+0900,2021-08-18 14:25:00,26.0,0.0
1629264360000,UTC+0900,2021-08-18 14:26:00,60.0,24.0
1629264420000,UTC+0900,2021-08-18 14:27:00,38.0,99.0
1629264480000,UTC+0900,2021-08-18 14:28:00,76.0,41.0
1629264540000,UTC+0900,2021-08-18 14:29:00,109.0,52.0
1629264600000,UTC+0900,2021-08-18 14:30:00,103.0,93.0
1629264660000,UTC+0900,2021-08-18 14:31:00,11.0,101.0
1629264720000,UTC+0900,2021-08-18 14:32:00,0.0,52.0
1629264780000,UTC+0900,2021-08-18 14:33:00,82.0,0.0
1629264840000,UTC+0900,2021-08-18 14:34:00,2.0,36.0
1629264900000,UTC+0900,2021-08-18 14:35:00,57.0,35.0
1629264960000,UTC+0900,2021-08-18 14:36:00,99.0,54.0
1629265020000,UTC+0900,2021-08-18 14:37:00,63.0,70.0
1629265080000,UTC+0900,2021-08-18 14:38:00,0.0,82.0
1629265140000,UTC+0900,2021-08-18 14:39:00,0.0,12.0
1629305220000,UTC+0900,2021-08-19 01:47:00,22.0,0.0
1629305400000,UTC+0900,2021-08-19 01:50:00,10.0,0.0
1629350820000,UTC+0900,2021-08-19 14:27:00,6.0,0.0
1629352920000,UTC+0900,2021-08-19 15:02:00,7.0,0.0
1629355560000,UTC+0900,2021-08-19 15:46:00,62.0,0.0
1629355620000,UTC+0900,2021-08-19 15:47:00,53.0,0.0
1629355680000,UTC+0900,2021-08-19 15:48:00,66.0,0.0
1629370200000,UTC+0900,2021-08-19 19:50:00,20.0,0.0
1629370260000,UTC+0900,2021-08-19 19:51:00,31.0,0.0
1629370620000,UTC+0900,2021-08-19 19:57:00,12.0,0.0
1629371100000,UTC+0900,2021-08-19 20:05:00,6.0,0.0
1629373140000,UTC+0900,2021-08-19 20:39:00,7.0,0.0
1629377640000,UTC+0900,2021-08-19 21:54:00,7.0,0.0
1629380760000,UTC+0900,2021-08-19 22:46:00,28.0,0.0
1629383280000,UTC+0900,2021-08-19 23:28:00,0.0,35.0
1629383460000,UTC+0900,2021-08-19 23:31:00,0.0,30.0
1629383520000,UTC+0900,2021-08-19 23:32:00,0.0,48.0
1629383580000,UTC+0900,2021-08-19 23:33:00,0.0,31.0
1629383700000,UTC+0900,2021-08-19 23:35:00,0.0,26.0
1629383760000,UTC+0900,2021-08-19 23:36:00,0.0,11.0
1629384060000,UTC+0900,2021-08-19 23:41:00,0.0,10.0
1629384120000,UTC+0900,2021-08-19 23:42:00,0.0,30.0
1629384180000,UTC+0900,2021-08-19 23:43:00,0.0,43.0
1629384240000,UTC+0900,2021-08-19 23:44:00,0.0,7.0
1629384540000,UTC+0900,2021-08-19 23:49:00,0.0,22.0
1629384600000,UTC+0900,2021-08-19 23:50:00,84.0,37.0
1629384660000,UTC+0900,2021-08-19 23:51:00,83.0,16.0
1629384720000,UTC+0900,2021-08-19 23:52:00,49.0,0.0
1629384780000,UTC+0900,2021-08-19 23:53:00,27.0,0.0
1629384840000,UTC+0900,2021-08-19 23:54:00,7.0,0.0
1629385140000,UTC+0900,2021-08-19 23:59:00,0.0,46.0
1629385200000,UTC+0900,2021-08-20 00:00:00,0.0,9.0
1629385440000,UTC+0900,2021-08-20 00:04:00,0.0,10.0
1629385740000,UTC+0900,2021-08-20 00:09:00,0.0,27.0
1629386160000,UTC+0900,2021-08-20 00:16:00,0.0,28.0
1629386220000,UTC+0900,2021-08-20 00:17:00,0.0,22.0
1629386280000,UTC+0900,2021-08-20 00:18:00,0.0,37.0
1629388560000,UTC+0900,2021-08-20 00:56:00,0.0,10.0
1629388620000,UTC+0900,2021-08-20 00:57:00,0.0,20.0
1629388680000,UTC+0900,2021-08-20 00:58:00,7.0,0.0
1629388800000,UTC+0900,2021-08-20 01:00:00,7.0,10.0
1629388980000,UTC+0900,2021-08-20 01:03:00,0.0,10.0
1629389040000,UTC+0900,2021-08-20 01:04:00,0.0,10.0
1629389100000,UTC+0900,2021-08-20 01:05:00,0.0,29.0
1629389160000,UTC+0900,2021-08-20 01:06:00,0.0,45.0
1629389220000,UTC+0900,2021-08-20 01:07:00,0.0,47.0
1629395940000,UTC+0900,2021-08-20 02:59:00,0.0,17.0
1629396300000,UTC+0900,2021-08-20 03:05:00,0.0,23.0
1629396360000,UTC+0900,2021-08-20 03:06:00,0.0,7.0
1629396480000,UTC+0900,2021-08-20 03:08:00,0.0,19.0
1629396540000,UTC+0900,2021-08-20 03:09:00,0.0,26.0
1629396600000,UTC+0900,2021-08-20 03:10:00,0.0,20.0
1629396660000,UTC+0900,2021-08-20 03:11:00,0.0,14.0
1629396780000,UTC+0900,2021-08-20 03:13:00,0.0,7.0
1629398100000,UTC+0900,2021-08-20 03:35:00,0.0,35.0
1629398160000,UTC+0900,2021-08-20 03:36:00,0.0,21.0
1629439200000,UTC+0900,2021-08-20 15:00:00,16.0,0.0
1629440340000,UTC+0900,2021-08-20 15:19:00,6.0,0.0
1629442740000,UTC+0900,2021-08-20 15:59:00,7.0,0.0
1629442800000,UTC+0900,2021-08-20 16:00:00,14.0,0.0
1629444120000,UTC+0900,2021-08-20 16:22:00,7.0,0.0
1629453720000,UTC+0900,2021-08-20 19:02:00,15.0,0.0
1629456600000,UTC+0900,2021-08-20 19:50:00,12.0,0.0
1629456660000,UTC+0900,2021-08-20 19:51:00,98.0,0.0
1629456720000,UTC+0900,2021-08-20 19:52:00,56.0,0.0
1629498660000,UTC+0900,2021-08-21 07:31:00,15.0,0.0
1629499980000,UTC+0900,2021-08-21 07:53:00,16.0,0.0
1629500040000,UTC+0900,2021-08-21 07:54:00,10.0,0.0
1629519180000,UTC+0900,2021-08-21 13:13:00,8.0,0.0
1629519720000,UTC+0900,2021-08-21 13:22:00,12.0,0.0
1629547980000,UTC+0900,2021-08-21 21:13:00,24.0,0.0
1629554280000,UTC+0900,2021-08-21 22:58:00,14.0,0.0
1629554580000,UTC+0900,2021-08-21 23:03:00,23.0,0.0
1629555420000,UTC+0900,2021-08-21 23:17:00,25.0,0.0
1629558480000,UTC+0900,2021-08-22 00:08:00,15.0,0.0
1629602160000,UTC+0900,2021-08-22 12:16:00,60.0,0.0
1629602640000,UTC+0900,2021-08-22 12:24:00,27.0,0.0
1629602700000,UTC+0900,2021-08-22 12:25:00,44.0,0.0
1629606180000,UTC+0900,2021-08-22 13:23:00,15.0,0.0
1629609720000,UTC+0900,2021-08-22 14:22:00,6.0,0.0
1629611460000,UTC+0900,2021-08-22 14:51:00,6.0,0.0
1629620640000,UTC+0900,2021-08-22 17:24:00,83.0,0.0
1629620700000,UTC+0900,2021-08-22 17:25:00,24.0,0.0
1629620760000,UTC+0900,2021-08-22 17:26:00,51.0,0.0
1629620820000,UTC+0900,2021-08-22 17:27:00,6.0,0.0
1629623880000,UTC+0900,2021-08-22 18:18:00,26.0,0.0
1629623940000,UTC+0900,2021-08-22 18:19:00,23.0,0.0
1629624240000,UTC+0900,2021-08-22 18:24:00,22.0,0.0
1629627840000,UTC+0900,2021-08-22 19:24:00,18.0,0.0
1629628620000,UTC+0900,2021-08-22 19:37:00,6.0,0.0
1629630780000,UTC+0900,2021-08-22 20:13:00,21.0,0.0
1629630840000,UTC+0900,2021-08-22 20:14:00,42.0,0.0
1629631200000,UTC+0900,2021-08-22 20:20:00,42.0,0.0
1629631260000,UTC+0900,2021-08-22 20:21:00,17.0,0.0
