START,END,UTC,READABLE_START,READABLE_END,STEP,RUN,WALK,SPEED,DUT,DIST,CAL,DEVICE_UUID,DEVICE_TYPE
1626753900000,1626753960000,UTC+0900,2021-07-20 13:05:00,2021-07-20 13:06:00.000,13,0,13,1.2520477,7962,9.97,0.54,GS+GR+y/bV,PHONE
1626784920000,1626784980000,UTC+0900,2021-07-20 21:42:00,2021-07-20 21:43:00.000,39,0,39,1.1650289,24643,28.71,1.7299998,GS+GR+y/bV,PHONE
1626784980000,1626785040000,UTC+0900,2021-07-20 21:43:00,2021-07-20 21:44:00.000,61,0,46,1.346012,32020,43.100002,2.5399995,GS+GR+y/bV,PHONE
1626785040000,1626785100000,UTC+0900,2021-07-20 21:44:00,2021-07-20 21:45:00.000,12,0,12,1.015872,8495,8.630001,0.58000004,GS+GR+y/bV,PHONE
1626785160000,1626785220000,UTC+0900,2021-07-20 21:46:00,2021-07-20 21:47:00.000,49,0,49,1.1501111,31379,36.089993,2.2399993,GS+GR+y/bV,PHONE
1626785220000,1626785280000,UTC+0900,2021-07-20 21:47:00,2021-07-20 21:48:00.000,10,0,10,0.9166667,7712,7.07,0.48,GS+GR+y/bV,PHONE
1626785280000,1626785340000,UTC+0900,2021-07-20 21:48:00,2021-07-20 21:49:00.000,81,0,81,1.2987788,46928,60.95,3.4500003,GS+GR+y/bV,PHONE
1626785340000,1626785400000,UTC+0900,2021-07-20 21:49:00,2021-07-20 21:50:00.000,69,0,50,1.3226731,35881,47.46,3.86,GS+GR+y/bV,PHONE
1626854220000,1626854280000,UTC+0900,2021-07-21 16:57:00,2021-07-21 16:58:00.000,16,0,16,1.5833334,8014,12.69,0.7,GS+GR+y/bV,PHONE
1626854280000,1626854340000,UTC+0900,2021-07-21 16:58:00,2021-07-21 16:59:00.000,6,0,6,1.2222222,3681,4.5,0.27,GS+GR+y/bV,PHONE
1626855540000,1626855600000,UTC+0900,2021-07-21 17:19:00,2021-07-21 17:20:00.000,6,0,6,0.9444444,4521,4.27,0.28,GS+GR+y/bV,PHONE
1626872100000,1626872160000,UTC+0900,2021-07-21 21:55:00,2021-07-21 21:56:00.000,13,0,13,1.5,6800,10.2,0.54,GS+GR+y/bV,PHONE
1626875640000,1626875700000,UTC+0900,2021-07-21 22:54:00,2021-07-21 22:55:00.000,7,0,7,1.2020186,4400,5.29,0.31,GS+GR+y/bV,PHONE
1626876000000,1626876060000,UTC+0900,2021-07-21 23:00:00,2021-07-21 23:01:00.000,9,0,9,1.3424897,5057,6.7900004,0.39,GS+GR+y/bV,PHONE
1626938220000,1626938280000,UTC+0900,2021-07-22 16:17:00,2021-07-22 16:18:00.000,32,0,32,1.2735729,18978,24.17,1.3100002,GS+GR+y/bV,PHONE
1626938280000,1626938340000,UTC+0900,2021-07-22 16:18:00,2021-07-22 16:19:00.000,28,0,28,1.1111112,18252,20.28,1.32,GS+GR+y/bV,PHONE
1626938460000,1626938520000,UTC+0900,2021-07-22 16:21:00,2021-07-22 16:22:00.000,22,0,22,0.98550946,16072,15.84,1.0400001,GS+GR+y/bV,PHONE
1626938520000,1626938580000,UTC+0900,2021-07-22 16:22:00,2021-07-22 16:23:00.000,47,0,47,1.4054765,25706,36.130005,1.9799998,GS+GR+y/bV,PHONE
1626938580000,1626938640000,UTC+0900,2021-07-22 16:23:00,2021-07-22 16:24:00.000,26,0,26,1.1124188,17052,18.97,1.1899998,GS+GR+y/bV,PHONE
1626939000000,1626939060000,UTC+0900,2021-07-22 16:30:00,2021-07-22 16:31:00.000,42,0,21,1.3310448,21253,28.290007,1.7099999,GS+GR+y/bV,PHONE
1626939060000,1626939120000,UTC+0900,2021-07-22 16:31:00,2021-07-22 16:32:00.000,96,0,94,1.3518833,53606,72.47001,3.959999,GS+GR+y/bV,PHONE
1626939120000,1626939180000,UTC+0900,2021-07-22 16:32:00,2021-07-22 16:33:00.000,84,0,69,1.3055556,46095,60.18,4.4,GS+GR+y/bV,PHONE
1626944220000,1626944280000,UTC+0900,2021-07-22 17:57:00,2021-07-22 17:58:00.000,55,0,55,1.4289736,30028,42.909992,2.2999997,GS+GR+y/bV,PHONE
1626944400000,1626944460000,UTC+0900,2021-07-22 18:00:00,2021-07-22 18:01:00.000,37,0,37,1.3333334,20715,27.62,1.59,GS+GR+y/bV,PHONE
1626950580000,1626950640000,UTC+0900,2021-07-22 19:43:00,2021-07-22 19:44:00.000,6,0,6,1.2777778,3506,4.48,0.27,GS+GR+y/bV,PHONE
1626952440000,1626952500000,UTC+0900,2021-07-22 20:14:00,2021-07-22 20:15:00.000,9,0,9,0.9166667,6960,6.38,0.43000004,GS+GR+y/bV,PHONE
1626952500000,1626952560000,UTC+0900,2021-07-22 20:15:00,2021-07-22 20:16:00.000,33,0,33,1.0555556,22405,23.65,1.58,GS+GR+y/bV,PHONE
1626952560000,1626952620000,UTC+0900,2021-07-22 20:16:00,2021-07-22 20:17:00.000,9,0,9,0.93656063,6801,6.37,0.43000004,GS+GR+y/bV,PHONE
1626953400000,1626953460000,UTC+0900,2021-07-22 20:30:00,2021-07-22 20:31:00.000,17,0,17,1.2222222,10309,12.6,0.76,GS+GR+y/bV,PHONE
1626972780000,1626972840000,UTC+0900,2021-07-23 01:53:00,2021-07-23 01:54:00.000,14,0,14,1.4959418,7206,10.78,0.59000003,GS+GR+y/bV,PHONE
1627017660000,1627017720000,UTC+0900,2021-07-23 14:21:00,2021-07-23 14:22:00.000,6,0,6,0.9166667,4614,4.23,0.28,GS+GR+y/bV,PHONE
1627021920000,1627021980000,UTC+0900,2021-07-23 15:32:00,2021-07-23 15:33:00.000,8,0,8,1.1666666,5082,5.93,0.37,GS+GR+y/bV,PHONE
1627021980000,1627022040000,UTC+0900,2021-07-23 15:33:00,2021-07-23 15:34:00.000,12,0,12,1.2293712,7174,8.82,0.5500001,GS+GR+y/bV,PHONE
1627023300000,1627023360000,UTC+0900,2021-07-23 15:55:00,2021-07-23 15:56:00.000,6,0,6,0.9166667,4614,4.23,0.28,GS+GR+y/bV,PHONE
1627023960000,1627024020000,UTC+0900,2021-07-23 16:06:00,2021-07-23 16:07:00.000,6,0,6,0.9166666,4701,4.31,0.28,GS+GR+y/bV,PHONE
1627024980000,1627025040000,UTC+0900,2021-07-23 16:23:00,2021-07-23 16:24:00.000,38,0,38,1.0921658,25481,27.829998,1.7899998,GS+GR+y/bV,PHONE
1627025040000,1627025100000,UTC+0900,2021-07-23 16:24:00,2021-07-23 16:25:00.000,84,0,68,1.3055556,45765,59.75,3.47,GS+GR+y/bV,PHONE
1627025100000,1627025160000,UTC+0900,2021-07-23 16:25:00,2021-07-23 16:26:00.000,76,0,59,1.2777778,41705,53.29,4.4,GS+GR+y/bV,PHONE
1627025160000,1627025220000,UTC+0900,2021-07-23 16:26:00,2021-07-23 16:27:00.000,19,0,19,1.4166666,10312,14.61,0.76,GS+GR+y/bV,PHONE
1627115880000,1627115940000,UTC+0900,2021-07-24 17:38:00,2021-07-24 17:39:00.000,43,0,43,1.3055556,24633,32.16,1.86,GS+GR+y/bV,PHONE
1627115940000,1627116000000,UTC+0900,2021-07-24 17:39:00,2021-07-24 17:40:00.000,96,0,77,1.4722222,46956,69.13,3.87,GS+GR+y/bV,PHONE
1627116180000,1627116240000,UTC+0900,2021-07-24 17:43:00,2021-07-24 17:44:00.000,49,0,49,1.2548767,29317,36.79,2.1200001,GS+GR+y/bV,PHONE
1627116240000,1627116300000,UTC+0900,2021-07-24 17:44:00,2021-07-24 17:45:00.000,87,0,67,1.3611112,45000,61.25,4.67,GS+GR+y/bV,PHONE
1627116300000,1627116360000,UTC+0900,2021-07-24 17:45:00,2021-07-24 17:46:00.000,56,0,38,1.4722222,25933,38.18,2.35,GS+GR+y/bV,PHONE
1627116360000,1627116420000,UTC+0900,2021-07-24 17:46:00,2021-07-24 17:47:00.000,88,0,88,1.3333334,50137,66.85,3.72,GS+GR+y/bV,PHONE
1627116420000,1627116480000,UTC+0900,2021-07-24 17:47:00,2021-07-24 17:48:00.000,46,0,46,1.3888888,25322,35.17,1.88,GS+GR+y/bV,PHONE
1627116720000,1627116780000,UTC+0900,2021-07-24 17:52:00,2021-07-24 17:53:00.000,28,0,28,1.3333334,16020,21.36,1.22,GS+GR+y/bV,PHONE
1627116780000,1627116840000,UTC+0900,2021-07-24 17:53:00,2021-07-24 17:54:00.000,15,0,15,1.5,7799,11.7,0.62,GS+GR+y/bV,PHONE
1627116900000,1627116960000,UTC+0900,2021-07-24 17:55:00,2021-07-24 17:56:00.000,29,0,29,1.2777777,17217,22.0,1.29,GS+GR+y/bV,PHONE
1627116960000,1627117020000,UTC+0900,2021-07-24 17:56:00,2021-07-24 17:57:00.000,70,0,58,1.25,40296,50.37,3.66,GS+GR+y/bV,PHONE
1627117020000,1627117080000,UTC+0900,2021-07-24 17:57:00,2021-07-24 17:58:00.000,23,0,23,1.3611112,12945,17.62,0.93,GS+GR+y/bV,PHONE
1627131240000,1627131300000,UTC+0900,2021-07-24 21:54:00,2021-07-24 21:55:00.000,50,0,36,1.2240057,28047,34.33,2.92,GS+GR+y/bV,PHONE
1627131300000,1627131360000,UTC+0900,2021-07-24 21:55:00,2021-07-24 21:56:00.000,19,0,8,1.2732584,9636,12.2699995,0.7800001,GS+GR+y/bV,PHONE
1627147860000,1627147920000,UTC+0900,2021-07-25 02:31:00,2021-07-25 02:32:00.000,22,0,22,1.25,12888,16.11,0.97,GS+GR+y/bV,PHONE
1627147920000,1627147980000,UTC+0900,2021-07-25 02:32:00,2021-07-25 02:33:00.000,15,0,15,1.1944444,9125,10.9,0.69,GS+GR+y/bV,PHONE
1627147980000,1627148040000,UTC+0900,2021-07-25 02:33:00,2021-07-25 02:34:00.000,29,0,29,1.2777778,17115,21.87,1.22,GS+GR+y/bV,PHONE
1627174440000,1627174500000,UTC+0900,2021-07-25 09:54:00,2021-07-25 09:55:00.000,38,0,38,1.3055556,21622,28.23,1.64,GS+GR+y/bV,PHONE
1627174680000,1627174740000,UTC+0900,2021-07-25 09:58:00,2021-07-25 09:59:00.000,7,0,7,1.25,4088,5.11,0.32,GS+GR+y/bV,PHONE
1627175400000,1627175460000,UTC+0900,2021-07-25 10:10:00,2021-07-25 10:11:00.000,38,0,38,1.20204,23426,28.16,1.6899996,GS+GR+y/bV,PHONE
1627177200000,1627177260000,UTC+0900,2021-07-25 10:40:00,2021-07-25 10:41:00.000,46,0,46,1.2777778,27007,34.51,2.05,GS+GR+y/bV,PHONE
1627177680000,1627177740000,UTC+0900,2021-07-25 10:48:00,2021-07-25 10:49:00.000,56,0,56,1.2777778,32595,41.65,2.35,GS+GR+y/bV,PHONE
1627195620000,1627195680000,UTC+0900,2021-07-25 15:47:00,2021-07-25 15:48:00.000,92,0,78,1.4073792,47599,66.990005,3.7899995,GS+GR+y/bV,PHONE
1627195680000,1627195740000,UTC+0900,2021-07-25 15:48:00,2021-07-25 15:49:00.000,73,0,55,1.3055556,38803,50.66,4.16,GS+GR+y/bV,PHONE
1627210140000,1627210200000,UTC+0900,2021-07-25 19:49:00,2021-07-25 19:50:00.000,8,0,8,1.1005863,5378,5.92,0.37000003,GS+GR+y/bV,PHONE
1627210200000,1627210260000,UTC+0900,2021-07-25 19:50:00,2021-07-25 19:51:00.000,2,0,2,1.0833334,1347,1.46,0.1,GS+GR+y/bV,PHONE
1627212360000,1627212420000,UTC+0900,2021-07-25 20:26:00,2021-07-25 20:27:00.000,6,0,6,1.6111112,2923,4.71,0.27,GS+GR+y/bV,PHONE
1627217280000,1627217340000,UTC+0900,2021-07-25 21:48:00,2021-07-25 21:49:00.000,8,0,8,1.0277778,5555,5.71,0.38,GS+GR+y/bV,PHONE
1627217340000,1627217400000,UTC+0900,2021-07-25 21:49:00,2021-07-25 21:50:00.000,75,0,55,1.2507915,40854,51.1,4.3999996,GS+GR+y/bV,PHONE
1627217400000,1627217460000,UTC+0900,2021-07-25 21:50:00,2021-07-25 21:51:00.000,29,0,14,1.4888529,12781,19.030003,1.2,GS+GR+y/bV,PHONE
1627273800000,1627273860000,UTC+0900,2021-07-26 13:30:00,2021-07-26 13:31:00.000,14,0,14,0.91666675,10789,9.89,0.6,GS+GR+y/bV,PHONE
1627304940000,1627305000000,UTC+0900,2021-07-26 22:09:00,2021-07-26 22:10:00.000,14,0,14,1.1447694,8848,10.129999,0.6,GS+GR+y/bV,PHONE
1627305000000,1627305060000,UTC+0900,2021-07-26 22:10:00,2021-07-26 22:11:00.000,7,0,7,1.2651621,4165,5.27,0.31,GS+GR+y/bV,PHONE
1627370400000,1627370460000,UTC+0900,2021-07-27 16:20:00,2021-07-27 16:21:00.000,49,0,49,1.1388888,31574,35.96,2.26,GS+GR+y/bV,PHONE
1627370460000,1627370520000,UTC+0900,2021-07-27 16:21:00,2021-07-27 16:22:00.000,62,0,47,1.3333334,32640,43.52,2.55,GS+GR+y/bV,PHONE
1627370520000,1627370580000,UTC+0900,2021-07-27 16:22:00,2021-07-27 16:23:00.000,70,0,70,1.2777778,41063,52.47,2.93,GS+GR+y/bV,PHONE
1627370580000,1627370640000,UTC+0900,2021-07-27 16:23:00,2021-07-27 16:24:00.000,31,0,31,1.2777778,18226,23.29,1.3,GS+GR+y/bV,PHONE
1627370640000,1627370700000,UTC+0900,2021-07-27 16:24:00,2021-07-27 16:25:00.000,8,0,8,1.1944444,5115,6.11,0.35,GS+GR+y/bV,PHONE
1627370760000,1627370820000,UTC+0900,2021-07-27 16:26:00,2021-07-27 16:27:00.000,6,0,6,1.1388888,4003,4.56,0.27,GS+GR+y/bV,PHONE
1627371000000,1627371060000,UTC+0900,2021-07-27 16:30:00,2021-07-27 16:31:00.000,17,0,17,1.1944444,10632,12.7,0.76,GS+GR+y/bV,PHONE
1627371060000,1627371120000,UTC+0900,2021-07-27 16:31:00,2021-07-27 16:32:00.000,84,0,84,1.2875416,49078,63.189995,3.6099987,GS+GR+y/bV,PHONE
1627371120000,1627371180000,UTC+0900,2021-07-27 16:32:00,2021-07-27 16:33:00.000,28,0,28,1.278598,16518,21.12,1.1500001,GS+GR+y/bV,PHONE
1627371180000,1627371240000,UTC+0900,2021-07-27 16:33:00,2021-07-27 16:34:00.000,54,0,54,1.3169333,30889,40.68,2.3399997,GS+GR+y/bV,PHONE
1627371240000,1627371300000,UTC+0900,2021-07-27 16:34:00,2021-07-27 16:35:00.000,91,0,71,1.2222222,51496,62.94,5.03,GS+GR+y/bV,PHONE
1627371300000,1627371360000,UTC+0900,2021-07-27 16:35:00,2021-07-27 16:36:00.000,29,0,29,1.3611112,16273,22.15,1.18,GS+GR+y/bV,PHONE
1627372980000,1627373040000,UTC+0900,2021-07-27 17:03:00,2021-07-27 17:04:00.000,15,0,15,1.4161304,8254,11.690001,0.64000005,GS+GR+y/bV,PHONE
1627375380000,1627375440000,UTC+0900,2021-07-27 17:43:00,2021-07-27 17:44:00.000,9,0,9,1.8097091,3967,7.18,0.39,GS+GR+y/bV,PHONE
1627383420000,1627383480000,UTC+0900,2021-07-27 19:57:00,2021-07-27 19:58:00.000,23,0,23,1.3387488,13064,17.490002,0.98000014,GS+GR+y/bV,PHONE
1627385820000,1627385880000,UTC+0900,2021-07-27 20:37:00,2021-07-27 20:38:00.000,6,0,6,0.9166666,4625,4.24,0.28,GS+GR+y/bV,PHONE
1627385940000,1627386000000,UTC+0900,2021-07-27 20:39:00,2021-07-27 20:40:00.000,66,0,66,1.2807297,38759,49.640015,2.9099987,GS+GR+y/bV,PHONE
1627386000000,1627386060000,UTC+0900,2021-07-27 20:40:00,2021-07-27 20:41:00.000,26,0,26,1.241708,15671,19.46,1.15,GS+GR+y/bV,PHONE
1627386540000,1627386600000,UTC+0900,2021-07-27 20:49:00,2021-07-27 20:50:00.000,17,0,17,1.2101718,10386,12.569999,0.7800001,GS+GR+y/bV,PHONE
1627438260000,1627438320000,UTC+0900,2021-07-28 11:11:00,2021-07-28 11:12:00.000,59,0,59,1.25,35464,44.33,2.49,GS+GR+y/bV,PHONE
1627438320000,1627438380000,UTC+0900,2021-07-28 11:12:00,2021-07-28 11:13:00.000,51,0,39,1.2222222,29372,35.9,2.86,GS+GR+y/bV,PHONE
1627441740000,1627441800000,UTC+0900,2021-07-28 12:09:00,2021-07-28 12:10:00.000,13,0,13,1.25,7880,9.85,0.54,GS+GR+y/bV,PHONE
1627441800000,1627441860000,UTC+0900,2021-07-28 12:10:00,2021-07-28 12:11:00.000,73,0,48,1.2951292,38637,50.04,3.2499998,GS+GR+y/bV,PHONE
1627441860000,1627441920000,UTC+0900,2021-07-28 12:11:00,2021-07-28 12:12:00.000,26,0,17,1.3055556,12462,16.27,1.93,GS+GR+y/bV,PHONE
1627448400000,1627448460000,UTC+0900,2021-07-28 14:00:00,2021-07-28 14:01:00.000,92,0,74,1.2823377,50259,64.45,3.9599993,GS+GR+y/bV,PHONE
1627448460000,1627448520000,UTC+0900,2021-07-28 14:01:00,2021-07-28 14:02:00.000,82,0,82,1.3055556,47634,62.19,3.43,GS+GR+y/bV,PHONE
1627448520000,1627448580000,UTC+0900,2021-07-28 14:02:00,2021-07-28 14:03:00.000,70,0,58,1.2793596,39504,50.539997,3.28,GS+GR+y/bV,PHONE
1627454160000,1627454220000,UTC+0900,2021-07-28 15:36:00,2021-07-28 15:37:00.000,73,0,56,1.2777778,39208,50.1,3.22,GS+GR+y/bV,PHONE
1627454220000,1627454280000,UTC+0900,2021-07-28 15:37:00,2021-07-28 15:38:00.000,12,0,12,1.1111112,7875,8.75,0.56,GS+GR+y/bV,PHONE
1627454340000,1627454400000,UTC+0900,2021-07-28 15:39:00,2021-07-28 15:40:00.000,24,0,24,1.4166666,13150,18.63,1.03,GS+GR+y/bV,PHONE
1627454400000,1627454460000,UTC+0900,2021-07-28 15:40:00,2021-07-28 15:41:00.000,77,0,59,1.1388888,46036,52.43,4.61,GS+GR+y/bV,PHONE
1627459020000,1627459080000,UTC+0900,2021-07-28 16:57:00,2021-07-28 16:58:00.000,58,0,38,1.3333334,28912,38.55,2.47,GS+GR+y/bV,PHONE
1627459080000,1627459140000,UTC+0900,2021-07-28 16:58:00,2021-07-28 16:59:00.000,49,0,49,1.25,29279,36.6,2.1799998,GS+GR+y/bV,PHONE
1627462680000,1627462740000,UTC+0900,2021-07-28 17:58:00,2021-07-28 17:59:00.000,43,0,43,1.2345686,25774,31.82,1.82,GS+GR+y/bV,PHONE
1627464480000,1627464540000,UTC+0900,2021-07-28 18:28:00,2021-07-28 18:29:00.000,43,0,43,1.3313115,24449,32.550003,1.7600001,GS+GR+y/bV,PHONE
1627464540000,1627464600000,UTC+0900,2021-07-28 18:29:00,2021-07-28 18:30:00.000,17,0,17,1.0555556,11567,12.21,0.8,GS+GR+y/bV,PHONE
1627465560000,1627465620000,UTC+0900,2021-07-28 18:46:00,2021-07-28 18:47:00.000,68,0,68,1.1707914,42817,50.13,3.009999,GS+GR+y/bV,PHONE
1627465620000,1627465680000,UTC+0900,2021-07-28 18:47:00,2021-07-28 18:48:00.000,13,0,13,0.94516987,9807,9.27,0.6500001,GS+GR+y/bV,PHONE
1627466400000,1627466460000,UTC+0900,2021-07-28 19:00:00,2021-07-28 19:01:00.000,32,0,23,1.2777778,17788,22.73,1.38,GS+GR+y/bV,PHONE
1627466460000,1627466520000,UTC+0900,2021-07-28 19:01:00,2021-07-28 19:02:00.000,15,0,15,1.0831424,10063,10.9,0.71000004,GS+GR+y/bV,PHONE
1627470120000,1627470180000,UTC+0900,2021-07-28 20:02:00,2021-07-28 20:03:00.000,94,0,94,1.3055556,54183,70.74,3.94,GS+GR+y/bV,PHONE
1627470180000,1627470240000,UTC+0900,2021-07-28 20:03:00,2021-07-28 20:04:00.000,7,0,7,1.181809,4306,5.09,0.32,GS+GR+y/bV,PHONE
1627470240000,1627470300000,UTC+0900,2021-07-28 20:04:00,2021-07-28 20:05:00.000,15,0,15,1.0277778,10469,10.76,0.73,GS+GR+y/bV,PHONE
1627470300000,1627470360000,UTC+0900,2021-07-28 20:05:00,2021-07-28 20:06:00.000,98,0,98,1.3211434,56269,74.34,4.189998,GS+GR+y/bV,PHONE
1627470360000,1627470420000,UTC+0900,2021-07-28 20:06:00,2021-07-28 20:07:00.000,101,0,85,1.3333334,54749,73.0,5.12,GS+GR+y/bV,PHONE
1627526820000,1627526880000,UTC+0900,2021-07-29 11:47:00,2021-07-29 11:48:00.000,23,0,23,1.3055556,13335,17.41,0.99,GS+GR+y/bV,PHONE
1627526880000,1627526940000,UTC+0900,2021-07-29 11:48:00,2021-07-29 11:49:00.000,101,0,85,1.5,49620,74.43,4.11,GS+GR+y/bV,PHONE
1627526940000,1627527000000,UTC+0900,2021-07-29 11:49:00,2021-07-29 11:50:00.000,110,0,110,1.4041667,60000,84.25,4.4,GS+GR+y/bV,PHONE
1627527000000,1627527060000,UTC+0900,2021-07-29 11:50:00,2021-07-29 11:51:00.000,109,0,109,1.3926667,60000,83.56,4.36,GS+GR+y/bV,PHONE
1627527060000,1627527120000,UTC+0900,2021-07-29 11:51:00,2021-07-29 11:52:00.000,109,0,109,1.3905001,60000,83.43,4.36,GS+GR+y/bV,PHONE
1627527120000,1627527180000,UTC+0900,2021-07-29 11:52:00,2021-07-29 11:53:00.000,95,0,95,1.3611112,53206,72.42,3.91,GS+GR+y/bV,PHONE
1627527180000,1627527240000,UTC+0900,2021-07-29 11:53:00,2021-07-29 11:54:00.000,13,0,13,1.3611112,7266,9.89,0.52,GS+GR+y/bV,PHONE
1627527600000,1627527660000,UTC+0900,2021-07-29 12:00:00,2021-07-29 12:01:00.000,13,0,13,1.3055556,7552,9.86,0.55,GS+GR+y/bV,PHONE
1627527660000,1627527720000,UTC+0900,2021-07-29 12:01:00,2021-07-29 12:02:00.000,33,0,33,1.1666532,20828,24.3,1.4600002,GS+GR+y/bV,PHONE
1627527720000,1627527780000,UTC+0900,2021-07-29 12:02:00,2021-07-29 12:03:00.000,18,0,18,1.2777778,10651,13.61,0.75,GS+GR+y/bV,PHONE
1627527780000,1627527840000,UTC+0900,2021-07-29 12:03:00,2021-07-29 12:04:00.000,45,0,45,1.2777778,26397,33.73,1.92,GS+GR+y/bV,PHONE
1627527840000,1627527900000,UTC+0900,2021-07-29 12:04:00,2021-07-29 12:05:00.000,34,0,34,1.3611112,19087,25.98,1.36,GS+GR+y/bV,PHONE
1627528500000,1627528560000,UTC+0900,2021-07-29 12:15:00,2021-07-29 12:16:00.000,9,0,9,2.0833333,3580,7.46,0.38,GS+GR+y/bV,PHONE
1627530240000,1627530300000,UTC+0900,2021-07-29 12:44:00,2021-07-29 12:45:00.000,8,0,8,1.0833334,5363,5.81,0.37,GS+GR+y/bV,PHONE
1627530300000,1627530360000,UTC+0900,2021-07-29 12:45:00,2021-07-29 12:46:00.000,40,0,40,1.2909284,23347,30.140001,1.74,GS+GR+y/bV,PHONE
1627530360000,1627530420000,UTC+0900,2021-07-29 12:46:00,2021-07-29 12:47:00.000,14,0,14,0.9166667,10778,9.88,0.66,GS+GR+y/bV,PHONE
1627530420000,1627530480000,UTC+0900,2021-07-29 12:47:00,2021-07-29 12:48:00.000,44,0,44,1.2033827,27273,32.819996,1.9300001,GS+GR+y/bV,PHONE
1627530480000,1627530540000,UTC+0900,2021-07-29 12:48:00,2021-07-29 12:49:00.000,72,0,72,1.3888888,39578,54.97,2.94,GS+GR+y/bV,PHONE
1627530540000,1627530600000,UTC+0900,2021-07-29 12:49:00,2021-07-29 12:50:00.000,111,0,111,1.4204999,60000,85.23,4.44,GS+GR+y/bV,PHONE
1627530600000,1627530660000,UTC+0900,2021-07-29 12:50:00,2021-07-29 12:51:00.000,112,0,112,1.4353334,60000,86.12,4.48,GS+GR+y/bV,PHONE
1627530660000,1627530720000,UTC+0900,2021-07-29 12:51:00,2021-07-29 12:52:00.000,90,0,90,1.3888888,49622,68.92,3.6,GS+GR+y/bV,PHONE
1627530720000,1627530780000,UTC+0900,2021-07-29 12:52:00,2021-07-29 12:53:00.000,77,0,60,1.25,42760,53.45,4.32,GS+GR+y/bV,PHONE
1627530780000,1627530840000,UTC+0900,2021-07-29 12:53:00,2021-07-29 12:54:00.000,30,0,30,1.4178202,16271,23.070002,1.2799999,GS+GR+y/bV,PHONE
1627530840000,1627530900000,UTC+0900,2021-07-29 12:54:00,2021-07-29 12:55:00.000,12,0,12,0.9166667,9261,8.49,0.58,GS+GR+y/bV,PHONE
1627546080000,1627546140000,UTC+0900,2021-07-29 17:08:00,2021-07-29 17:09:00.000,28,0,28,1.3546604,15620,21.160004,1.14,GS+GR+y/bV,PHONE
1627546140000,1627546200000,UTC+0900,2021-07-29 17:09:00,2021-07-29 17:10:00.000,87,0,67,1.3791906,44221,60.99,3.5800002,GS+GR+y/bV,PHONE
1627546200000,1627546260000,UTC+0900,2021-07-29 17:10:00,2021-07-29 17:11:00.000,89,0,71,1.3663076,46182,63.1,4.86,GS+GR+y/bV,PHONE
1627547040000,1627547100000,UTC+0900,2021-07-29 17:24:00,2021-07-29 17:25:00.000,8,0,8,1.0751903,5478,5.8900003,0.37000003,GS+GR+y/bV,PHONE
1627552860000,1627552920000,UTC+0900,2021-07-29 19:01:00,2021-07-29 19:02:00.000,14,0,14,1.320719,7927,10.47,0.58000004,GS+GR+y/bV,PHONE
1627553400000,1627553460000,UTC+0900,2021-07-29 19:10:00,2021-07-29 19:11:00.000,16,0,16,1.0623891,10956,11.64,0.68000007,GS+GR+y/bV,PHONE
1627578840000,1627578900000,UTC+0900,2021-07-30 02:14:00,2021-07-30 02:15:00.000,22,0,22,1.1084809,14434,16.0,0.96000004,GS+GR+y/bV,PHONE
1627579740000,1627579800000,UTC+0900,2021-07-30 02:29:00,2021-07-30 02:30:00.000,6,0,6,0.9166667,4614,4.23,0.28,GS+GR+y/bV,PHONE
1627590660000,1627590720000,UTC+0900,2021-07-30 05:31:00,2021-07-30 05:32:00.000,8,0,8,1.2463746,4701,5.86,0.37,GS+GR+y/bV,PHONE
1627619700000,1627619760000,UTC+0900,2021-07-30 13:35:00,2021-07-30 13:36:00.000,43,0,43,1.1111112,28089,31.21,1.91,GS+GR+y/bV,PHONE
1627619760000,1627619820000,UTC+0900,2021-07-30 13:36:00,2021-07-30 13:37:00.000,17,0,17,1.2456049,10244,12.76,0.75,GS+GR+y/bV,PHONE
1627620240000,1627620300000,UTC+0900,2021-07-30 13:44:00,2021-07-30 13:45:00.000,46,0,46,1.2208036,28292,34.539997,2.0299997,GS+GR+y/bV,PHONE
1627634400000,1627634460000,UTC+0900,2021-07-30 17:40:00,2021-07-30 17:41:00.000,34,0,34,1.3333334,19575,26.1,1.43,GS+GR+y/bV,PHONE
1627634460000,1627634520000,UTC+0900,2021-07-30 17:41:00,2021-07-30 17:42:00.000,97,0,79,1.4166666,49341,69.9,3.92,GS+GR+y/bV,PHONE
1627634580000,1627634640000,UTC+0900,2021-07-30 17:43:00,2021-07-30 17:44:00.000,41,0,41,1.25,24656,30.82,1.69,GS+GR+y/bV,PHONE
1627634640000,1627634700000,UTC+0900,2021-07-30 17:44:00,2021-07-30 17:45:00.000,91,0,73,1.3055556,49143,64.16,5.04,GS+GR+y/bV,PHONE
1627639920000,1627639980000,UTC+0900,2021-07-30 19:12:00,2021-07-30 19:13:00.000,10,0,10,1.4166666,5336,7.56,0.45,GS+GR+y/bV,PHONE
1627650180000,1627650240000,UTC+0900,2021-07-30 22:03:00,2021-07-30 22:04:00.000,64,0,64,1.2777778,37666,48.13,2.72,GS+GR+y/bV,PHONE
1627650240000,1627650300000,UTC+0900,2021-07-30 22:04:00,2021-07-30 22:05:00.000,16,0,16,1.4157948,8560,12.12,0.68,GS+GR+y/bV,PHONE
1627658100000,1627658160000,UTC+0900,2021-07-31 00:15:00,2021-07-31 00:16:00.000,9,0,9,1.3055556,5147,6.72,0.4,GS+GR+y/bV,PHONE
1627691280000,1627691340000,UTC+0900,2021-07-31 09:28:00,2021-07-31 09:29:00.000,16,0,16,1.4722221,8388,12.35,0.71,GS+GR+y/bV,PHONE
1627704960000,1627705020000,UTC+0900,2021-07-31 13:16:00,2021-07-31 13:17:00.000,7,0,7,1.1189188,4513,5.05,0.33,GS+GR+y/bV,PHONE
1627710360000,1627710420000,UTC+0900,2021-07-31 14:46:00,2021-07-31 14:47:00.000,51,0,51,1.4301925,27227,38.940002,2.08,GS+GR+y/bV,PHONE
1627710420000,1627710480000,UTC+0900,2021-07-31 14:47:00,2021-07-31 14:48:00.000,106,0,91,1.3333334,57772,77.03,4.32,GS+GR+y/bV,PHONE
1627710480000,1627710540000,UTC+0900,2021-07-31 14:48:00,2021-07-31 14:49:00.000,7,0,7,1.1422534,4482,5.12,0.32,GS+GR+y/bV,PHONE
1627710540000,1627710600000,UTC+0900,2021-07-31 14:49:00,2021-07-31 14:50:00.000,57,0,57,1.2767234,33593,42.89,2.43,GS+GR+y/bV,PHONE
1627710600000,1627710660000,UTC+0900,2021-07-31 14:50:00,2021-07-31 14:51:00.000,15,0,15,1.25,9112,11.39,0.64,GS+GR+y/bV,PHONE
1627710900000,1627710960000,UTC+0900,2021-07-31 14:55:00,2021-07-31 14:56:00.000,13,0,13,1.1944444,8196,9.79,0.59,GS+GR+y/bV,PHONE
1627710960000,1627711020000,UTC+0900,2021-07-31 14:56:00,2021-07-31 14:57:00.000,16,0,16,1.5,8153,12.23,0.7,GS+GR+y/bV,PHONE
1627711200000,1627711260000,UTC+0900,2021-07-31 15:00:00,2021-07-31 15:01:00.000,8,0,8,1.1666666,5048,5.89,0.37,GS+GR+y/bV,PHONE
1627711260000,1627711320000,UTC+0900,2021-07-31 15:01:00,2021-07-31 15:02:00.000,35,3,32,1.644849,17928,29.489998,1.95,GS+GR+y/bV,PHONE
1627711380000,1627711440000,UTC+0900,2021-07-31 15:03:00,2021-07-31 15:04:00.000,74,0,59,1.2575904,40935,51.480003,3.9,GS+GR+y/bV,PHONE
1627711440000,1627711500000,UTC+0900,2021-07-31 15:04:00,2021-07-31 15:05:00.000,63,0,59,1.3611109,34258,46.63,2.9,GS+GR+y/bV,PHONE
1627711500000,1627711560000,UTC+0900,2021-07-31 15:05:00,2021-07-31 15:06:00.000,25,0,25,1.3055556,14438,18.85,1.04,GS+GR+y/bV,PHONE
1627731240000,1627731300000,UTC+0900,2021-07-31 20:34:00,2021-07-31 20:35:00.000,13,0,13,1.3611112,7354,10.01,0.54,GS+GR+y/bV,PHONE
1627731720000,1627731780000,UTC+0900,2021-07-31 20:42:00,2021-07-31 20:43:00.000,8,0,8,1.63006,3913,6.38,0.33999997,GS+GR+y/bV,PHONE
1627750320000,1627750380000,UTC+0900,2021-08-01 01:52:00,2021-08-01 01:53:00.000,43,0,43,1.3888888,23421,32.53,1.84,GS+GR+y/bV,PHONE
1627753740000,1627753800000,UTC+0900,2021-08-01 02:49:00,2021-08-01 02:50:00.000,6,0,6,0.9166667,4614,4.23,0.28,GS+GR+y/bV,PHONE
1627787640000,1627787700000,UTC+0900,2021-08-01 12:14:00,2021-08-01 12:15:00.000,7,0,7,1.1388888,4486,5.11,0.32,GS+GR+y/bV,PHONE
1627803900000,1627803960000,UTC+0900,2021-08-01 16:45:00,2021-08-01 16:46:00.000,27,0,27,1.2157799,16746,20.359999,1.1899999,GS+GR+y/bV,PHONE
1627808880000,1627808940000,UTC+0900,2021-08-01 18:08:00,2021-08-01 18:09:00.000,12,0,12,1.2777778,7160,9.15,0.5,GS+GR+y/bV,PHONE
1627809540000,1627809600000,UTC+0900,2021-08-01 18:19:00,2021-08-01 18:20:00.000,7,0,7,0.9166667,5389,4.94,0.33,GS+GR+y/bV,PHONE
1627810620000,1627810680000,UTC+0900,2021-08-01 18:37:00,2021-08-01 18:38:00.000,7,0,7,1.5238047,3635,5.54,0.29999998,GS+GR+y/bV,PHONE
1627810860000,1627810920000,UTC+0900,2021-08-01 18:41:00,2021-08-01 18:42:00.000,8,0,8,1.4686099,4099,6.02,0.35999998,GS+GR+y/bV,PHONE
1627812480000,1627812540000,UTC+0900,2021-08-01 19:08:00,2021-08-01 19:09:00.000,42,0,42,1.2121992,25985,31.499998,1.8400002,GS+GR+y/bV,PHONE
1627812540000,1627812600000,UTC+0900,2021-08-01 19:09:00,2021-08-01 19:10:00.000,82,0,66,1.3432456,43610,58.58,3.4000003,GS+GR+y/bV,PHONE
1627812600000,1627812660000,UTC+0900,2021-08-01 19:10:00,2021-08-01 19:11:00.000,83,0,64,1.4722222,40204,59.19,4.49,GS+GR+y/bV,PHONE
1627816140000,1627816200000,UTC+0900,2021-08-01 20:09:00,2021-08-01 20:10:00.000,12,0,12,1.6666666,5898,9.83,0.5,GS+GR+y/bV,PHONE
1627816260000,1627816320000,UTC+0900,2021-08-01 20:11:00,2021-08-01 20:12:00.000,6,0,6,1.3333334,3479,4.64,0.27,GS+GR+y/bV,PHONE
1627816320000,1627816380000,UTC+0900,2021-08-01 20:12:00,2021-08-01 20:13:00.000,5,0,5,1.1995115,3101,3.72,0.23,GS+GR+y/bV,PHONE
1627844220000,1627844280000,UTC+0900,2021-08-02 03:57:00,2021-08-02 03:58:00.000,12,0,12,1.1388888,7999,9.11,0.5,GS+GR+y/bV,PHONE
1627844280000,1627844340000,UTC+0900,2021-08-02 03:58:00,2021-08-02 03:59:00.000,12,0,12,1.3189944,6830,9.01,0.53,GS+GR+y/bV,PHONE
1627846260000,1627846320000,UTC+0900,2021-08-02 04:31:00,2021-08-02 04:32:00.000,10,0,10,0.9494924,7572,7.19,0.48000005,GS+GR+y/bV,PHONE
1627846740000,1627846800000,UTC+0900,2021-08-02 04:39:00,2021-08-02 04:40:00.000,8,0,8,1.1487184,5162,5.93,0.37000003,GS+GR+y/bV,PHONE
1627884540000,1627884600000,UTC+0900,2021-08-02 15:09:00,2021-08-02 15:10:00.000,82,0,80,1.2542322,49424,61.99,3.679999,GS+GR+y/bV,PHONE
1627884600000,1627884660000,UTC+0900,2021-08-02 15:10:00,2021-08-02 15:11:00.000,87,0,70,1.2770584,47390,60.52,3.57,GS+GR+y/bV,PHONE
1627884660000,1627884720000,UTC+0900,2021-08-02 15:11:00,2021-08-02 15:12:00.000,16,0,16,1.0833334,10652,11.54,0.78,GS+GR+y/bV,PHONE
1627884840000,1627884900000,UTC+0900,2021-08-02 15:14:00,2021-08-02 15:15:00.000,97,0,85,1.2619894,55816,70.439995,4.8499994,GS+GR+y/bV,PHONE
1627884900000,1627884960000,UTC+0900,2021-08-02 15:15:00,2021-08-02 15:16:00.000,55,0,53,1.1944444,33546,40.07,2.75,GS+GR+y/bV,PHONE
1627892160000,1627892220000,UTC+0900,2021-08-02 17:16:00,2021-08-02 17:17:00.000,13,0,13,1.1899135,7966,9.48,0.55,GS+GR+y/bV,PHONE
1627892520000,1627892580000,UTC+0900,2021-08-02 17:22:00,2021-08-02 17:23:00.000,6,0,6,1.4722222,3199,4.71,0.26,GS+GR+y/bV,PHONE
1627942020000,1627942080000,UTC+0900,2021-08-03 07:07:00,2021-08-03 07:08:00.000,13,0,13,1.3589829,7439,10.110001,0.54,GS+GR+y/bV,PHONE
1627970460000,1627970520000,UTC+0900,2021-08-03 15:01:00,2021-08-03 15:02:00.000,20,0,20,1.4341197,10877,15.600002,0.7900001,GS+GR+y/bV,PHONE
1627970520000,1627970580000,UTC+0900,2021-08-03 15:02:00,2021-08-03 15:03:00.000,108,0,84,1.4444444,54512,78.74,5.47,GS+GR+y/bV,PHONE
1627970580000,1627970640000,UTC+0900,2021-08-03 15:03:00,2021-08-03 15:04:00.000,15,0,15,1.3055556,8685,11.34,0.61,GS+GR+y/bV,PHONE
1628006940000,1628007000000,UTC+0900,2021-08-04 01:09:00,2021-08-04 01:10:00.000,14,0,14,1.1871946,8566,10.17,0.58000004,GS+GR+y/bV,PHONE
1628018640000,1628018700000,UTC+0900,2021-08-04 04:24:00,2021-08-04 04:25:00.000,7,0,7,1.3611112,3886,5.29,0.31,GS+GR+y/bV,PHONE
1628018700000,1628018760000,UTC+0900,2021-08-04 04:25:00,2021-08-04 04:26:00.000,14,0,14,1.288774,8248,10.629999,0.61,GS+GR+y/bV,PHONE
1628018880000,1628018940000,UTC+0900,2021-08-04 04:28:00,2021-08-04 04:29:00.000,6,0,6,1.2222222,3747,4.58,0.27,GS+GR+y/bV,PHONE
1628019120000,1628019180000,UTC+0900,2021-08-04 04:32:00,2021-08-04 04:33:00.000,13,0,13,1.2948685,7529,9.75,0.58000004,GS+GR+y/bV,PHONE
1628020680000,1628020740000,UTC+0900,2021-08-04 04:58:00,2021-08-04 04:59:00.000,15,2,13,1.7931134,7378,13.23,0.99000007,GS+GR+y/bV,PHONE
1628045940000,1628046000000,UTC+0900,2021-08-04 11:59:00,2021-08-04 12:00:00.000,15,0,15,1.359079,8336,11.33,0.64000005,GS+GR+y/bV,PHONE
1628047140000,1628047200000,UTC+0900,2021-08-04 12:19:00,2021-08-04 12:20:00.000,9,0,9,1.5277778,4621,7.06,0.39,GS+GR+y/bV,PHONE
1628047380000,1628047440000,UTC+0900,2021-08-04 12:23:00,2021-08-04 12:24:00.000,6,0,6,1.4444444,3163,4.57,0.27,GS+GR+y/bV,PHONE
1628073360000,1628073420000,UTC+0900,2021-08-04 19:36:00,2021-08-04 19:37:00.000,25,0,25,1.3638933,13967,19.050005,1.0200002,GS+GR+y/bV,PHONE
1628073420000,1628073480000,UTC+0900,2021-08-04 19:37:00,2021-08-04 19:38:00.000,38,0,38,1.2777778,22132,28.28,1.69,GS+GR+y/bV,PHONE
1628073480000,1628073540000,UTC+0900,2021-08-04 19:38:00,2021-08-04 19:39:00.000,57,0,56,1.3888888,31003,43.06,2.42,GS+GR+y/bV,PHONE
1628073540000,1628073600000,UTC+0900,2021-08-04 19:39:00,2021-08-04 19:40:00.000,46,0,47,1.5555556,22898,35.62,1.91,GS+GR+y/bV,PHONE
1628073600000,1628073660000,UTC+0900,2021-08-04 19:40:00,2021-08-04 19:41:00.000,35,0,35,1.2777778,20621,26.35,1.46,GS+GR+y/bV,PHONE
1628073720000,1628073780000,UTC+0900,2021-08-04 19:42:00,2021-08-04 19:43:00.000,96,0,81,1.3888888,49996,69.44,4.9,GS+GR+y/bV,PHONE
1628073780000,1628073840000,UTC+0900,2021-08-04 19:43:00,2021-08-04 19:44:00.000,21,0,21,1.3467214,11873,15.990002,0.84000015,GS+GR+y/bV,PHONE
1628074740000,1628074800000,UTC+0900,2021-08-04 19:59:00,2021-08-04 20:00:00.000,52,0,52,1.7222222,24387,42.0,2.15,GS+GR+y/bV,PHONE
1628074800000,1628074860000,UTC+0900,2021-08-04 20:00:00,2021-08-04 20:01:00.000,99,0,81,1.5,48073,72.11,5.3,GS+GR+y/bV,PHONE
1628074860000,1628074920000,UTC+0900,2021-08-04 20:01:00,2021-08-04 20:02:00.000,11,0,11,1.5833334,5475,8.67,0.44,GS+GR+y/bV,PHONE
1628093100000,1628093160000,UTC+0900,2021-08-05 01:05:00,2021-08-05 01:06:00.000,15,0,15,1.4817339,7855,11.639999,0.62000006,GS+GR+y/bV,PHONE
1628096640000,1628096700000,UTC+0900,2021-08-05 02:04:00,2021-08-05 02:05:00.000,24,0,24,0.94629556,18207,17.23,1.1000001,GS+GR+y/bV,PHONE
1628152200000,1628152260000,UTC+0900,2021-08-05 17:30:00,2021-08-05 17:31:00.000,17,0,17,1.4722222,8816,12.98,0.75,GS+GR+y/bV,PHONE
1628152260000,1628152320000,UTC+0900,2021-08-05 17:31:00,2021-08-05 17:32:00.000,39,0,39,1.4278703,21122,30.16,1.6,GS+GR+y/bV,PHONE
1628185440000,1628185500000,UTC+0900,2021-08-06 02:44:00,2021-08-06 02:45:00.000,53,0,53,1.1666666,33454,39.03,2.46,GS+GR+y/bV,PHONE
1628185500000,1628185560000,UTC+0900,2021-08-06 02:45:00,2021-08-06 02:46:00.000,12,0,12,1.3055556,6985,9.12,0.51,GS+GR+y/bV,PHONE
1628186400000,1628186460000,UTC+0900,2021-08-06 03:00:00,2021-08-06 03:01:00.000,6,0,6,1.1944444,3700,4.42,0.27,GS+GR+y/bV,PHONE
1628188020000,1628188080000,UTC+0900,2021-08-06 03:27:00,2021-08-06 03:28:00.000,6,0,6,0.9166667,4614,4.23,0.28,GS+GR+y/bV,PHONE
1628188860000,1628188920000,UTC+0900,2021-08-06 03:41:00,2021-08-06 03:42:00.000,8,0,8,1.2799988,4601,5.8900003,0.35999998,GS+GR+y/bV,PHONE
1628189640000,1628189700000,UTC+0900,2021-08-06 03:54:00,2021-08-06 03:55:00.000,6,0,6,1.25,3696,4.62,0.27,GS+GR+y/bV,PHONE
1628189940000,1628190000000,UTC+0900,2021-08-06 03:59:00,2021-08-06 04:00:00.000,7,0,7,1.1186192,4693,5.25,0.32000002,GS+GR+y/bV,PHONE
1628190960000,1628191020000,UTC+0900,2021-08-06 04:16:00,2021-08-06 04:17:00.000,8,0,8,1.5619326,3982,6.22,0.35,GS+GR+y/bV,PHONE
1628191020000,1628191080000,UTC+0900,2021-08-06 04:17:00,2021-08-06 04:18:00.000,7,0,7,1.3888888,3880,5.39,0.31,GS+GR+y/bV,PHONE
1628220780000,1628220840000,UTC+0900,2021-08-06 12:33:00,2021-08-06 12:34:00.000,11,1,10,1.8834323,5325,10.030001,0.68000007,GS+GR+y/bV,PHONE
1628260680000,1628260740000,UTC+0900,2021-08-06 23:38:00,2021-08-06 23:39:00.000,15,0,15,0.9862322,10900,10.75,0.65000004,GS+GR+y/bV,PHONE
1628275380000,1628275440000,UTC+0900,2021-08-07 03:43:00,2021-08-07 03:44:00.000,13,0,13,0.9166667,10047,9.21,0.55,GS+GR+y/bV,PHONE
1628275440000,1628275500000,UTC+0900,2021-08-07 03:44:00,2021-08-07 03:45:00.000,6,0,6,0.9614343,4451,4.2799997,0.3,GS+GR+y/bV,PHONE
1628276340000,1628276400000,UTC+0900,2021-08-07 03:59:00,2021-08-07 04:00:00.000,6,0,6,1.3333334,3539,4.72,0.26,GS+GR+y/bV,PHONE
1628276520000,1628276580000,UTC+0900,2021-08-07 04:02:00,2021-08-07 04:03:00.000,8,0,8,0.9234448,6161,5.69,0.38000003,GS+GR+y/bV,PHONE
1628309040000,1628309100000,UTC+0900,2021-08-07 13:04:00,2021-08-07 13:05:00.000,6,0,6,0.9166667,4647,4.26,0.28,GS+GR+y/bV,PHONE
1628309760000,1628309820000,UTC+0900,2021-08-07 13:16:00,2021-08-07 13:17:00.000,6,0,6,1.1944444,3641,4.35,0.28,GS+GR+y/bV,PHONE
1628311740000,1628311800000,UTC+0900,2021-08-07 13:49:00,2021-08-07 13:50:00.000,9,0,9,0.95621896,6682,6.3900003,0.43000004,GS+GR+y/bV,PHONE
1628316600000,1628316660000,UTC+0900,2021-08-07 15:10:00,2021-08-07 15:11:00.000,53,0,53,1.1818581,32702,38.65,2.48,GS+GR+y/bV,PHONE
1628320800000,1628320860000,UTC+0900,2021-08-07 16:20:00,2021-08-07 16:21:00.000,68,0,68,1.1247852,44061,49.55999,3.0899994,GS+GR+y/bV,PHONE
1628320860000,1628320920000,UTC+0900,2021-08-07 16:21:00,2021-08-07 16:22:00.000,40,0,40,1.2222222,24038,29.38,1.81,GS+GR+y/bV,PHONE
1628320920000,1628320980000,UTC+0900,2021-08-07 16:22:00,2021-08-07 16:23:00.000,77,0,61,1.3611112,40371,54.95,4.09,GS+GR+y/bV,PHONE
1628329140000,1628329200000,UTC+0900,2021-08-07 18:39:00,2021-08-07 18:40:00.000,74,0,57,1.2729882,40565,51.64,4.0299997,GS+GR+y/bV,PHONE
1628329200000,1628329260000,UTC+0900,2021-08-07 18:40:00,2021-08-07 18:41:00.000,53,0,33,1.3055556,26601,34.73,2.23,GS+GR+y/bV,PHONE
1628329260000,1628329320000,UTC+0900,2021-08-07 18:41:00,2021-08-07 18:42:00.000,7,0,7,1.1944444,4361,5.21,0.32,GS+GR+y/bV,PHONE
1628329740000,1628329800000,UTC+0900,2021-08-07 18:49:00,2021-08-07 18:50:00.000,7,0,7,1.0,5100,5.1,0.32,GS+GR+y/bV,PHONE
1628331180000,1628331240000,UTC+0900,2021-08-07 19:13:00,2021-08-07 19:14:00.000,76,0,55,1.25,41296,51.62,4.18,GS+GR+y/bV,PHONE
1628331240000,1628331300000,UTC+0900,2021-08-07 19:14:00,2021-08-07 19:15:00.000,31,0,31,1.1111112,20808,23.12,1.44,GS+GR+y/bV,PHONE
1628331300000,1628331360000,UTC+0900,2021-08-07 19:15:00,2021-08-07 19:16:00.000,45,0,38,1.2323874,27012,33.29,1.99,GS+GR+y/bV,PHONE
1628332080000,1628332140000,UTC+0900,2021-08-07 19:28:00,2021-08-07 19:29:00.000,12,0,12,1.3695581,6564,8.99,0.55,GS+GR+y/bV,PHONE
1628332560000,1628332620000,UTC+0900,2021-08-07 19:36:00,2021-08-07 19:37:00.000,13,0,13,0.9782133,9619,9.41,0.6,GS+GR+y/bV,PHONE
1628334720000,1628334780000,UTC+0900,2021-08-07 20:12:00,2021-08-07 20:13:00.000,6,0,6,1.4166666,3296,4.67,0.27,GS+GR+y/bV,PHONE
1628335080000,1628335140000,UTC+0900,2021-08-07 20:18:00,2021-08-07 20:19:00.000,6,0,6,1.3888888,3225,4.48,0.27,GS+GR+y/bV,PHONE
1628405460000,1628405520000,UTC+0900,2021-08-08 15:51:00,2021-08-08 15:52:00.000,22,0,22,1.6111113,10433,16.81,0.95,GS+GR+y/bV,PHONE
1628405520000,1628405580000,UTC+0900,2021-08-08 15:52:00,2021-08-08 15:53:00.000,103,10,93,1.7222222,48791,84.03,4.81,GS+GR+y/bV,PHONE
1628405580000,1628405640000,UTC+0900,2021-08-08 15:53:00,2021-08-08 15:54:00.000,60,0,43,1.454813,28959,42.129997,3.51,GS+GR+y/bV,PHONE
1628422560000,1628422620000,UTC+0900,2021-08-08 20:36:00,2021-08-08 20:37:00.000,51,0,51,1.3394009,28475,38.139996,2.1499994,GS+GR+y/bV,PHONE
1628422620000,1628422680000,UTC+0900,2021-08-08 20:37:00,2021-08-08 20:38:00.000,61,0,42,1.2804005,32091,41.090004,2.3999991,GS+GR+y/bV,PHONE
1628422680000,1628422740000,UTC+0900,2021-08-08 20:38:00,2021-08-08 20:39:00.000,80,0,64,1.3863745,41503,57.54,4.2599998,GS+GR+y/bV,PHONE
1628425140000,1628425200000,UTC+0900,2021-08-08 21:19:00,2021-08-08 21:20:00.000,6,0,6,1.5,3153,4.73,0.26,GS+GR+y/bV,PHONE
1628520300000,1628520360000,UTC+0900,2021-08-09 23:45:00,2021-08-09 23:46:00.000,71,0,71,1.5643184,35523,55.570023,2.8699992,GS+GR+y/bV,PHONE
1628520360000,1628520420000,UTC+0900,2021-08-09 23:46:00,2021-08-09 23:47:00.000,67,0,53,1.4166666,34242,48.51,3.71,GS+GR+y/bV,PHONE
1628520420000,1628520480000,UTC+0900,2021-08-09 23:47:00,2021-08-09 23:48:00.000,51,0,51,1.4444444,27048,39.07,2.11,GS+GR+y/bV,PHONE
1628530860000,1628530920000,UTC+0900,2021-08-10 02:41:00,2021-08-10 02:42:00.000,29,0,29,1.2340143,17609,21.73,1.29,GS+GR+y/bV,PHONE
1628556720000,1628556780000,UTC+0900,2021-08-10 09:52:00,2021-08-10 09:53:00.000,6,0,6,1.4444444,3260,4.71,0.26,GS+GR+y/bV,PHONE
1628586420000,1628586480000,UTC+0900,2021-08-10 18:07:00,2021-08-10 18:08:00.000,102,0,83,1.3619117,53366,72.68,4.1099997,GS+GR+y/bV,PHONE
1628586480000,1628586540000,UTC+0900,2021-08-10 18:08:00,2021-08-10 18:09:00.000,79,0,63,1.3055556,43008,56.15,4.24,GS+GR+y/bV,PHONE
1628586540000,1628586600000,UTC+0900,2021-08-10 18:09:00,2021-08-10 18:10:00.000,4,0,4,1.3333333,2280,3.04,0.16,GS+GR+y/bV,PHONE
1628588220000,1628588280000,UTC+0900,2021-08-10 18:37:00,2021-08-10 18:38:00.000,8,0,8,1.5689143,3983,6.25,0.35,GS+GR+y/bV,PHONE
1628589300000,1628589360000,UTC+0900,2021-08-10 18:55:00,2021-08-10 18:56:00.000,7,0,7,1.2653581,4156,5.26,0.32000002,GS+GR+y/bV,PHONE
1628665200000,1628665260000,UTC+0900,2021-08-11 16:00:00,2021-08-11 16:01:00.000,13,0,13,1.25,7736,9.67,0.5,GS+GR+y/bV,PHONE
1628694120000,1628694180000,UTC+0900,2021-08-12 00:02:00,2021-08-12 00:03:00.000,26,0,26,1.0014409,18782,18.810001,1.1600001,GS+GR+y/bV,PHONE
1628694180000,1628694240000,UTC+0900,2021-08-12 00:03:00,2021-08-12 00:04:00.000,12,0,12,1.0555556,8194,8.65,0.58,GS+GR+y/bV,PHONE
1628694240000,1628694300000,UTC+0900,2021-08-12 00:04:00,2021-08-12 00:05:00.000,20,0,20,1.0,14310,14.31,0.97,GS+GR+y/bV,PHONE
1628694660000,1628694720000,UTC+0900,2021-08-12 00:11:00,2021-08-12 00:12:00.000,16,0,16,1.0833334,10726,11.62,0.74,GS+GR+y/bV,PHONE
1628694720000,1628694780000,UTC+0900,2021-08-12 00:12:00,2021-08-12 00:13:00.000,37,0,15,1.2795962,16716,21.39,1.48,GS+GR+y/bV,PHONE
1628712840000,1628712900000,UTC+0900,2021-08-12 05:14:00,2021-08-12 05:15:00.000,33,0,33,1.0833334,22726,24.62,1.57,GS+GR+y/bV,PHONE
1628712900000,1628712960000,UTC+0900,2021-08-12 05:15:00,2021-08-12 05:16:00.000,2,0,2,1.0277777,1401,1.44,0.09,GS+GR+y/bV,PHONE
1628746560000,1628746620000,UTC+0900,2021-08-12 14:36:00,2021-08-12 14:37:00.000,12,0,12,1.2777778,7027,8.98,0.5,GS+GR+y/bV,PHONE
1628747880000,1628747940000,UTC+0900,2021-08-12 14:58:00,2021-08-12 14:59:00.000,76,0,56,1.2254292,42058,51.54,3.2299986,GS+GR+y/bV,PHONE
1628747940000,1628748000000,UTC+0900,2021-08-12 14:59:00,2021-08-12 15:00:00.000,65,0,51,1.2713267,36056,45.839996,3.6100001,GS+GR+y/bV,PHONE
1628748060000,1628748120000,UTC+0900,2021-08-12 15:01:00,2021-08-12 15:02:00.000,76,0,63,1.4544247,38523,56.03,3.069999,GS+GR+y/bV,PHONE
1628748120000,1628748180000,UTC+0900,2021-08-12 15:02:00,2021-08-12 15:03:00.000,97,0,97,1.4475709,51804,74.99001,3.9099996,GS+GR+y/bV,PHONE
1628748180000,1628748240000,UTC+0900,2021-08-12 15:03:00,2021-08-12 15:04:00.000,118,0,118,1.5353334,60000,92.12,4.72,GS+GR+y/bV,PHONE
1628748240000,1628748300000,UTC+0900,2021-08-12 15:04:00,2021-08-12 15:05:00.000,119,0,107,1.5277778,59386,90.73,4.76,GS+GR+y/bV,PHONE
1628748300000,1628748360000,UTC+0900,2021-08-12 15:05:00,2021-08-12 15:06:00.000,110,0,110,1.4722222,58021,85.42,4.43,GS+GR+y/bV,PHONE
1628748360000,1628748420000,UTC+0900,2021-08-12 15:06:00,2021-08-12 15:07:00.000,50,0,50,1.4166666,27120,38.42,2.08,GS+GR+y/bV,PHONE
1628748420000,1628748480000,UTC+0900,2021-08-12 15:07:00,2021-08-12 15:08:00.000,34,0,34,1.4722222,17843,26.27,1.43,GS+GR+y/bV,PHONE
1628748480000,1628748540000,UTC+0900,2021-08-12 15:08:00,2021-08-12 15:09:00.000,21,0,21,1.25,12608,15.76,0.91,GS+GR+y/bV,PHONE
1628748660000,1628748720000,UTC+0900,2021-08-12 15:11:00,2021-08-12 15:12:00.000,77,0,77,1.4444444,40950,59.15,3.15,GS+GR+y/bV,PHONE
1628748720000,1628748780000,UTC+0900,2021-08-12 15:12:00,2021-08-12 15:13:00.000,108,0,108,1.4942846,56220,84.01,4.3399997,GS+GR+y/bV,PHONE
1628748780000,1628748840000,UTC+0900,2021-08-12 15:13:00,2021-08-12 15:14:00.000,110,0,98,1.4444444,57143,82.54,4.83,GS+GR+y/bV,PHONE
1628748840000,1628748900000,UTC+0900,2021-08-12 15:14:00,2021-08-12 15:15:00.000,116,0,116,1.504,60000,90.24,4.64,GS+GR+y/bV,PHONE
1628748900000,1628748960000,UTC+0900,2021-08-12 15:15:00,2021-08-12 15:16:00.000,118,0,117,1.5375,60000,92.25,4.72,GS+GR+y/bV,PHONE
1628748960000,1628749020000,UTC+0900,2021-08-12 15:16:00,2021-08-12 15:17:00.000,109,0,102,1.3888888,59644,82.84,4.62,GS+GR+y/bV,PHONE
1628749020000,1628749080000,UTC+0900,2021-08-12 15:17:00,2021-08-12 15:18:00.000,24,0,18,1.3611112,11791,16.05,1.73,GS+GR+y/bV,PHONE
1628749140000,1628749200000,UTC+0900,2021-08-12 15:19:00,2021-08-12 15:20:00.000,21,0,21,1.3556939,11691,15.85,0.95,GS+GR+y/bV,PHONE
1628755980000,1628756040000,UTC+0900,2021-08-12 17:13:00,2021-08-12 17:14:00.000,20,0,20,1.1273577,12924,14.57,0.8500001,GS+GR+y/bV,PHONE
1628757480000,1628757540000,UTC+0900,2021-08-12 17:38:00,2021-08-12 17:39:00.000,6,0,6,1.1666666,3702,4.32,0.28,GS+GR+y/bV,PHONE
1628767560000,1628767620000,UTC+0900,2021-08-12 20:26:00,2021-08-12 20:27:00.000,7,0,7,1.1626921,4541,5.2799997,0.32000002,GS+GR+y/bV,PHONE
1628767620000,1628767680000,UTC+0900,2021-08-12 20:27:00,2021-08-12 20:28:00.000,6,0,6,0.91666675,4658,4.27,0.28,GS+GR+y/bV,PHONE
1628767680000,1628767740000,UTC+0900,2021-08-12 20:28:00,2021-08-12 20:29:00.000,7,0,7,1.0555556,4897,5.17,0.32000002,GS+GR+y/bV,PHONE
1628782260000,1628782320000,UTC+0900,2021-08-13 00:31:00,2021-08-13 00:32:00.000,25,0,25,1.0734597,16898,18.14,1.09,GS+GR+y/bV,PHONE
1628789700000,1628789760000,UTC+0900,2021-08-13 02:35:00,2021-08-13 02:36:00.000,7,0,7,1.1944444,4361,5.21,0.32,GS+GR+y/bV,PHONE
1628789760000,1628789820000,UTC+0900,2021-08-13 02:36:00,2021-08-13 02:37:00.000,6,0,6,1.6111112,2966,4.78,0.26,GS+GR+y/bV,PHONE
1628791440000,1628791500000,UTC+0900,2021-08-13 03:04:00,2021-08-13 03:05:00.000,7,0,7,1.822244,3435,6.26,0.32,GS+GR+y/bV,PHONE
1628823240000,1628823300000,UTC+0900,2021-08-13 11:54:00,2021-08-13 11:55:00.000,87,0,87,1.3988312,47639,66.64001,3.5899997,GS+GR+y/bV,PHONE
1628823300000,1628823360000,UTC+0900,2021-08-13 11:55:00,2021-08-13 11:56:00.000,101,0,101,1.4166666,54691,77.48,4.09,GS+GR+y/bV,PHONE
1628823360000,1628823420000,UTC+0900,2021-08-13 11:56:00,2021-08-13 11:57:00.000,63,0,63,1.5555556,31853,49.55,2.52,GS+GR+y/bV,PHONE
1628823420000,1628823480000,UTC+0900,2021-08-13 11:57:00,2021-08-13 11:58:00.000,51,0,51,1.394271,27799,38.760002,2.1499999,GS+GR+y/bV,PHONE
1628823480000,1628823540000,UTC+0900,2021-08-13 11:58:00,2021-08-13 11:59:00.000,15,0,15,1.3199304,8621,11.38,0.60999995,GS+GR+y/bV,PHONE
1628845140000,1628845200000,UTC+0900,2021-08-13 17:59:00,2021-08-13 18:00:00.000,22,0,22,1.4722222,11404,16.79,0.96,GS+GR+y/bV,PHONE
1628852520000,1628852580000,UTC+0900,2021-08-13 20:02:00,2021-08-13 20:03:00.000,6,0,6,1.5277778,3357,5.13,0.27,GS+GR+y/bV,PHONE
1628869560000,1628869620000,UTC+0900,2021-08-14 00:46:00,2021-08-14 00:47:00.000,12,0,12,1.2777778,6957,8.89,0.5,GS+GR+y/bV,PHONE
1628869620000,1628869680000,UTC+0900,2021-08-14 00:47:00,2021-08-14 00:48:00.000,2,0,2,1.2777778,1173,1.5,0.08,GS+GR+y/bV,PHONE
1628870400000,1628870460000,UTC+0900,2021-08-14 01:00:00,2021-08-14 01:01:00.000,8,0,8,1.6384953,3783,6.2000003,0.35,GS+GR+y/bV,PHONE
1628871960000,1628872020000,UTC+0900,2021-08-14 01:26:00,2021-08-14 01:27:00.000,8,0,8,1.3355175,4604,6.1499996,0.36,GS+GR+y/bV,PHONE
1628913660000,1628913720000,UTC+0900,2021-08-14 13:01:00,2021-08-14 13:02:00.000,16,0,16,1.1944444,9761,11.66,0.74,GS+GR+y/bV,PHONE
1628926980000,1628927040000,UTC+0900,2021-08-14 16:43:00,2021-08-14 16:44:00.000,20,0,20,1.3136822,11669,15.33,0.8600001,GS+GR+y/bV,PHONE
1628930340000,1628930400000,UTC+0900,2021-08-14 17:39:00,2021-08-14 17:40:00.000,8,0,8,1.5811934,3940,6.2300005,0.35,GS+GR+y/bV,PHONE
1628943240000,1628943300000,UTC+0900,2021-08-14 21:14:00,2021-08-14 21:15:00.000,12,0,12,1.5277778,5995,9.16,0.5,GS+GR+y/bV,PHONE
1628946300000,1628946360000,UTC+0900,2021-08-14 22:05:00,2021-08-14 22:06:00.000,7,0,7,1.6308165,3433,5.6,0.29999998,GS+GR+y/bV,PHONE
1628963220000,1628963280000,UTC+0900,2021-08-15 02:47:00,2021-08-15 02:48:00.000,13,0,13,1.4122682,7052,9.96,0.54,GS+GR+y/bV,PHONE
1628963640000,1628963700000,UTC+0900,2021-08-15 02:54:00,2021-08-15 02:55:00.000,14,0,14,1.2932968,8157,10.55,0.6,GS+GR+y/bV,PHONE
1628964420000,1628964480000,UTC+0900,2021-08-15 03:07:00,2021-08-15 03:08:00.000,9,0,9,1.3547462,4975,6.7400007,0.39,GS+GR+y/bV,PHONE
1628965800000,1628965860000,UTC+0900,2021-08-15 03:30:00,2021-08-15 03:31:00.000,13,0,13,1.2677495,7667,9.719999,0.59000003,GS+GR+y/bV,PHONE
1628968320000,1628968380000,UTC+0900,2021-08-15 04:12:00,2021-08-15 04:13:00.000,68,13,55,1.7441269,32749,57.120003,3.5800002,GS+GR+y/bV,PHONE
1628968380000,1628968440000,UTC+0900,2021-08-15 04:13:00,2021-08-15 04:14:00.000,91,0,76,1.3055556,50024,65.31,4.64,GS+GR+y/bV,PHONE
1629013200000,1629013260000,UTC+0900,2021-08-15 16:40:00,2021-08-15 16:41:00.000,30,0,20,1.3110505,16086,21.09,1.2700001,GS+GR+y/bV,PHONE
1629013260000,1629013320000,UTC+0900,2021-08-15 16:41:00,2021-08-15 16:42:00.000,45,0,45,1.1694396,28509,33.34,2.0199997,GS+GR+y/bV,PHONE
1629013380000,1629013440000,UTC+0900,2021-08-15 16:43:00,2021-08-15 16:44:00.000,92,0,79,1.3611112,49782,67.76,4.36,GS+GR+y/bV,PHONE
1629013440000,1629013500000,UTC+0900,2021-08-15 16:44:00,2021-08-15 16:45:00.000,42,0,38,1.2777778,23595,30.15,2.16,GS+GR+y/bV,PHONE
1629024420000,1629024480000,UTC+0900,2021-08-15 19:47:00,2021-08-15 19:48:00.000,12,0,12,0.94444436,9158,8.65,0.5,GS+GR+y/bV,PHONE
1629024660000,1629024720000,UTC+0900,2021-08-15 19:51:00,2021-08-15 19:52:00.000,15,0,15,1.1293432,9731,10.99,0.7200001,GS+GR+y/bV,PHONE
1629024720000,1629024780000,UTC+0900,2021-08-15 19:52:00,2021-08-15 19:53:00.000,37,0,37,1.5,19280,28.92,1.58,GS+GR+y/bV,PHONE
1629024780000,1629024840000,UTC+0900,2021-08-15 19:53:00,2021-08-15 19:54:00.000,1,0,1,1.2222222,613,0.75,0.04,GS+GR+y/bV,PHONE
1629024900000,1629024960000,UTC+0900,2021-08-15 19:55:00,2021-08-15 19:56:00.000,20,0,20,1.2119391,12343,14.96,0.87,GS+GR+y/bV,PHONE
1629024960000,1629025020000,UTC+0900,2021-08-15 19:56:00,2021-08-15 19:57:00.000,65,0,65,1.2222222,39403,48.16,2.79,GS+GR+y/bV,PHONE
1629025260000,1629025320000,UTC+0900,2021-08-15 20:01:00,2021-08-15 20:02:00.000,59,0,49,1.2037553,34932,42.05,2.5899997,GS+GR+y/bV,PHONE
1629025560000,1629025620000,UTC+0900,2021-08-15 20:06:00,2021-08-15 20:07:00.000,25,0,25,1.0799209,16973,18.33,1.1,GS+GR+y/bV,PHONE
1629025620000,1629025680000,UTC+0900,2021-08-15 20:07:00,2021-08-15 20:08:00.000,53,0,44,1.2081287,32099,38.78,2.6499999,GS+GR+y/bV,PHONE
1629025680000,1629025740000,UTC+0900,2021-08-15 20:08:00,2021-08-15 20:09:00.000,13,0,13,1.3888888,7171,9.96,0.54,GS+GR+y/bV,PHONE
1629034140000,1629034200000,UTC+0900,2021-08-15 22:29:00,2021-08-15 22:30:00.000,47,0,47,1.2800248,27413,35.09,2.02,GS+GR+y/bV,PHONE
1629034440000,1629034500000,UTC+0900,2021-08-15 22:34:00,2021-08-15 22:35:00.000,12,0,12,1.25,7368,9.21,0.5,GS+GR+y/bV,PHONE
1629034500000,1629034560000,UTC+0900,2021-08-15 22:35:00,2021-08-15 22:36:00.000,6,0,6,1.2222222,3665,4.48,0.27,GS+GR+y/bV,PHONE
1629040260000,1629040320000,UTC+0900,2021-08-16 00:11:00,2021-08-16 00:12:00.000,9,0,9,1.2402669,5506,6.83,0.4,GS+GR+y/bV,PHONE
1629042720000,1629042780000,UTC+0900,2021-08-16 00:52:00,2021-08-16 00:53:00.000,15,0,15,1.2347416,9159,11.31,0.67,GS+GR+y/bV,PHONE
1629091140000,1629091200000,UTC+0900,2021-08-16 14:19:00,2021-08-16 14:20:00.000,56,0,56,1.1299329,36303,41.019997,2.5,GS+GR+y/bV,PHONE
1629091200000,1629091260000,UTC+0900,2021-08-16 14:20:00,2021-08-16 14:21:00.000,23,0,23,1.2777778,13625,17.41,0.96000004,GS+GR+y/bV,PHONE
1629091320000,1629091380000,UTC+0900,2021-08-16 14:22:00,2021-08-16 14:23:00.000,21,0,21,1.5,10826,16.24,0.88,GS+GR+y/bV,PHONE
1629091380000,1629091440000,UTC+0900,2021-08-16 14:23:00,2021-08-16 14:24:00.000,13,0,13,1.0277778,9048,9.3,0.62,GS+GR+y/bV,PHONE
1629091440000,1629091500000,UTC+0900,2021-08-16 14:24:00,2021-08-16 14:25:00.000,23,0,23,0.91666675,17770,16.29,1.11,GS+GR+y/bV,PHONE
1629091500000,1629091560000,UTC+0900,2021-08-16 14:25:00,2021-08-16 14:26:00.000,19,0,19,1.3330352,10884,14.51,0.84000003,GS+GR+y/bV,PHONE
1629091560000,1629091620000,UTC+0900,2021-08-16 14:26:00,2021-08-16 14:27:00.000,14,0,14,1.0575212,9522,10.07,0.6,GS+GR+y/bV,PHONE
1629091680000,1629091740000,UTC+0900,2021-08-16 14:28:00,2021-08-16 14:29:00.000,80,0,80,1.174504,49714,58.390007,3.5299993,GS+GR+y/bV,PHONE
1629091740000,1629091800000,UTC+0900,2021-08-16 14:29:00,2021-08-16 14:30:00.000,83,0,68,1.4035618,42805,60.08,3.4600003,GS+GR+y/bV,PHONE
1629091800000,1629091860000,UTC+0900,2021-08-16 14:30:00,2021-08-16 14:31:00.000,18,0,18,1.5833334,8842,14.0,0.76,GS+GR+y/bV,PHONE
1629091860000,1629091920000,UTC+0900,2021-08-16 14:31:00,2021-08-16 14:32:00.000,62,0,62,1.3327328,35498,47.30999,2.6299992,GS+GR+y/bV,PHONE
1629091920000,1629091980000,UTC+0900,2021-08-16 14:32:00,2021-08-16 14:33:00.000,13,0,13,1.3225838,7288,9.64,0.59000003,GS+GR+y/bV,PHONE
1629092040000,1629092100000,UTC+0900,2021-08-16 14:34:00,2021-08-16 14:35:00.000,63,0,63,1.2777778,37338,47.71,2.67,GS+GR+y/bV,PHONE
1629092100000,1629092160000,UTC+0900,2021-08-16 14:35:00,2021-08-16 14:36:00.000,93,0,73,1.2763883,50721,64.74,4.82,GS+GR+y/bV,PHONE
1629092160000,1629092220000,UTC+0900,2021-08-16 14:36:00,2021-08-16 14:37:00.000,4,0,4,1.2219998,2438,2.98,0.17999999,GS+GR+y/bV,PHONE
1629092280000,1629092340000,UTC+0900,2021-08-16 14:38:00,2021-08-16 14:39:00.000,31,0,29,1.3926902,16744,23.320002,1.25,GS+GR+y/bV,PHONE
1629092340000,1629092400000,UTC+0900,2021-08-16 14:39:00,2021-08-16 14:40:00.000,21,0,23,1.4826268,10953,16.24,0.91999996,GS+GR+y/bV,PHONE
1629093900000,1629093960000,UTC+0900,2021-08-16 15:05:00,2021-08-16 15:06:00.000,8,0,8,1.0833334,5390,5.84,0.37000003,GS+GR+y/bV,PHONE
1629093960000,1629094020000,UTC+0900,2021-08-16 15:06:00,2021-08-16 15:07:00.000,23,0,23,1.5833334,11368,18.0,0.96,GS+GR+y/bV,PHONE
1629096660000,1629096720000,UTC+0900,2021-08-16 15:51:00,2021-08-16 15:52:00.000,20,0,20,1.3319433,11479,15.290001,0.87000006,GS+GR+y/bV,PHONE
1629096720000,1629096780000,UTC+0900,2021-08-16 15:52:00,2021-08-16 15:53:00.000,3,0,3,1.2406015,1813,2.25,0.12,GS+GR+y/bV,PHONE
1629128640000,1629128700000,UTC+0900,2021-08-17 00:44:00,2021-08-17 00:45:00.000,17,0,17,1.1944444,10540,12.59,0.77,GS+GR+y/bV,PHONE
1629128700000,1629128760000,UTC+0900,2021-08-17 00:45:00,2021-08-17 00:46:00.000,7,0,5,1.3333334,3997,5.33,0.28,GS+GR+y/bV,PHONE
1629128940000,1629129000000,UTC+0900,2021-08-17 00:49:00,2021-08-17 00:50:00.000,0,0,2,0.0,0,0.0,0.0,GS+GR+y/bV,PHONE
1629173520000,1629173580000,UTC+0900,2021-08-17 13:12:00,2021-08-17 13:13:00.000,12,0,12,1.9166667,5253,10.07,0.5,GS+GR+y/bV,PHONE
1629174000000,1629174060000,UTC+0900,2021-08-17 13:20:00,2021-08-17 13:21:00.000,19,0,19,1.2671083,11372,14.41,0.84000003,GS+GR+y/bV,PHONE
1629174060000,1629174120000,UTC+0900,2021-08-17 13:21:00,2021-08-17 13:22:00.000,29,0,29,1.1568259,18490,21.39,1.3400002,GS+GR+y/bV,PHONE
1629174540000,1629174600000,UTC+0900,2021-08-17 13:29:00,2021-08-17 13:30:00.000,30,0,30,1.0550718,20614,21.749994,1.4399998,GS+GR+y/bV,PHONE
1629181440000,1629181500000,UTC+0900,2021-08-17 15:24:00,2021-08-17 15:25:00.000,17,0,17,1.1111112,11088,12.32,0.83,GS+GR+y/bV,PHONE
1629181500000,1629181560000,UTC+0900,2021-08-17 15:25:00,2021-08-17 15:26:00.000,31,0,31,1.3055556,18007,23.51,1.31,GS+GR+y/bV,PHONE
1629185280000,1629185340000,UTC+0900,2021-08-17 16:28:00,2021-08-17 16:29:00.000,6,0,6,1.5555556,2989,4.65,0.27,GS+GR+y/bV,PHONE
1629187080000,1629187140000,UTC+0900,2021-08-17 16:58:00,2021-08-17 16:59:00.000,7,0,7,0.9166667,5389,4.94,0.33,GS+GR+y/bV,PHONE
1629205440000,1629205500000,UTC+0900,2021-08-17 22:04:00,2021-08-17 22:05:00.000,25,0,25,1.1388888,16006,18.23,1.18,GS+GR+y/bV,PHONE
1629205620000,1629205680000,UTC+0900,2021-08-17 22:07:00,2021-08-17 22:08:00.000,8,0,8,1.4722221,4123,6.07,0.35,GS+GR+y/bV,PHONE
1629205680000,1629205740000,UTC+0900,2021-08-17 22:08:00,2021-08-17 22:09:00.000,57,0,57,1.25,34136,42.67,2.56,GS+GR+y/bV,PHONE
1629205740000,1629205800000,UTC+0900,2021-08-17 22:09:00,2021-08-17 22:10:00.000,37,0,37,1.25,21776,27.22,1.66,GS+GR+y/bV,PHONE
1629205800000,1629205860000,UTC+0900,2021-08-17 22:10:00,2021-08-17 22:11:00.000,1,0,1,1.2777778,586,0.75,0.04,GS+GR+y/bV,PHONE
1629206160000,1629206220000,UTC+0900,2021-08-17 22:16:00,2021-08-17 22:17:00.000,15,0,15,1.25,9088,11.36,0.67,GS+GR+y/bV,PHONE
1629206280000,1629206340000,UTC+0900,2021-08-17 22:18:00,2021-08-17 22:19:00.000,13,0,13,1.1770874,8087,9.52,0.59000003,GS+GR+y/bV,PHONE
1629206340000,1629206400000,UTC+0900,2021-08-17 22:19:00,2021-08-17 22:20:00.000,13,0,13,1.5760895,6509,10.26,0.55,GS+GR+y/bV,PHONE
1629206400000,1629206460000,UTC+0900,2021-08-17 22:20:00,2021-08-17 22:21:00.000,42,0,42,1.3483026,23748,32.02,1.7099998,GS+GR+y/bV,PHONE
1629206460000,1629206520000,UTC+0900,2021-08-17 22:21:00,2021-08-17 22:22:00.000,32,0,32,0.9537103,23948,22.83999,1.5399996,GS+GR+y/bV,PHONE
1629206520000,1629206580000,UTC+0900,2021-08-17 22:22:00,2021-08-17 22:23:00.000,17,0,17,1.198255,10598,12.700001,0.7700001,GS+GR+y/bV,PHONE
1629209220000,1629209280000,UTC+0900,2021-08-17 23:07:00,2021-08-17 23:08:00.000,72,0,65,1.6388888,34401,56.38,3.0,GS+GR+y/bV,PHONE
1629209280000,1629209340000,UTC+0900,2021-08-17 23:08:00,2021-08-17 23:09:00.000,106,0,106,1.4722222,55725,82.04,4.28,GS+GR+y/bV,PHONE
1629209340000,1629209400000,UTC+0900,2021-08-17 23:09:00,2021-08-17 23:10:00.000,116,0,116,1.5055001,60000,90.33,4.64,GS+GR+y/bV,PHONE
1629209400000,1629209460000,UTC+0900,2021-08-17 23:10:00,2021-08-17 23:11:00.000,121,0,121,1.58,60000,94.8,4.84,GS+GR+y/bV,PHONE
1629209460000,1629209520000,UTC+0900,2021-08-17 23:11:00,2021-08-17 23:12:00.000,120,0,120,1.571,60000,94.26,4.8,GS+GR+y/bV,PHONE
1629209520000,1629209580000,UTC+0900,2021-08-17 23:12:00,2021-08-17 23:13:00.000,118,0,113,1.536,60000,92.16,4.72,GS+GR+y/bV,PHONE
1629209580000,1629209640000,UTC+0900,2021-08-17 23:13:00,2021-08-17 23:14:00.000,42,0,28,1.2222222,21853,26.71,3.33,GS+GR+y/bV,PHONE
1629209640000,1629209700000,UTC+0900,2021-08-17 23:14:00,2021-08-17 23:15:00.000,63,0,32,1.3611112,29828,40.6,2.72,GS+GR+y/bV,PHONE
1629209700000,1629209760000,UTC+0900,2021-08-17 23:15:00,2021-08-17 23:16:00.000,67,0,67,1.4722222,35246,51.89,2.75,GS+GR+y/bV,PHONE
1629209760000,1629209820000,UTC+0900,2021-08-17 23:16:00,2021-08-17 23:17:00.000,113,0,113,1.4543333,60000,87.26,4.52,GS+GR+y/bV,PHONE
1629209820000,1629209880000,UTC+0900,2021-08-17 23:17:00,2021-08-17 23:18:00.000,118,0,112,1.5336666,60000,92.02,4.72,GS+GR+y/bV,PHONE
1629209880000,1629209940000,UTC+0900,2021-08-17 23:18:00,2021-08-17 23:19:00.000,115,0,121,1.4886668,60000,89.32,4.6,GS+GR+y/bV,PHONE
1629209940000,1629210000000,UTC+0900,2021-08-17 23:19:00,2021-08-17 23:20:00.000,115,0,115,1.4823333,60000,88.94,4.6,GS+GR+y/bV,PHONE
1629210000000,1629210060000,UTC+0900,2021-08-17 23:20:00,2021-08-17 23:21:00.000,80,0,63,1.3611112,41774,56.86,4.2,GS+GR+y/bV,PHONE
1629210060000,1629210120000,UTC+0900,2021-08-17 23:21:00,2021-08-17 23:22:00.000,9,0,9,1.3918172,5015,6.9799995,0.39000002,GS+GR+y/bV,PHONE
1629217920000,1629217980000,UTC+0900,2021-08-18 01:32:00,2021-08-18 01:33:00.000,13,0,13,1.2006197,7920,9.51,0.54,GS+GR+y/bV,PHONE
1629244680000,1629244740000,UTC+0900,2021-08-18 08:58:00,2021-08-18 08:59:00.000,21,0,21,1.3333334,12052,16.07,0.91,GS+GR+y/bV,PHONE
1629244740000,1629244800000,UTC+0900,2021-08-18 08:59:00,2021-08-18 09:00:00.000,18,0,18,1.3611112,10109,13.76,0.79,GS+GR+y/bV,PHONE
1629244800000,1629244860000,UTC+0900,2021-08-18 09:00:00,2021-08-18 09:01:00.000,101,0,83,1.4722222,49775,73.28,4.26,GS+GR+y/bV,PHONE
1629244860000,1629244920000,UTC+0900,2021-08-18 09:01:00,2021-08-18 09:02:00.000,102,0,102,1.5,52833,79.25,4.11,GS+GR+y/bV,PHONE
1629244860000,1629244919999,UTC+0900,2021-08-18 09:01:00,2021-08-18 09:01:59.999,42,0,42,1.5555556,21214,33.0,1.77,+ay7UCdop4,WEARABLE
1629244920000,1629244980000,UTC+0900,2021-08-18 09:02:00,2021-08-18 09:03:00.000,119,0,119,1.5493333,60000,92.96,4.76,GS+GR+y/bV,PHONE
1629244920000,1629244979999,UTC+0900,2021-08-18 09:02:00,2021-08-18 09:02:59.999,95,11,84,1.6944444,45808,77.62,4.72,+ay7UCdop4,WEARABLE
1629244980000,1629245039999,UTC+0900,2021-08-18 09:03:00,2021-08-18 09:03:59.999,87,0,87,1.5,45460,68.19,3.53,+ay7UCdop4,WEARABLE
1629244980000,1629245040000,UTC+0900,2021-08-18 09:03:00,2021-08-18 09:04:00.000,92,0,92,1.5277778,47166,72.06,3.69,GS+GR+y/bV,PHONE
1629245040000,1629245099999,UTC+0900,2021-08-18 09:04:00,2021-08-18 09:04:59.999,88,0,88,1.5277778,45058,68.84,3.58,+ay7UCdop4,WEARABLE
1629245100000,1629245159999,UTC+0900,2021-08-18 09:05:00,2021-08-18 09:05:59.999,9,0,9,1.4722222,4713,6.94,0.4,+ay7UCdop4,WEARABLE
1629245160000,1629245219999,UTC+0900,2021-08-18 09:06:00,2021-08-18 09:06:59.999,11,0,10,1.4722222,5773,8.5,0.51,+ay7UCdop4,WEARABLE
1629245400000,1629245460000,UTC+0900,2021-08-18 09:10:00,2021-08-18 09:11:00.000,12,0,12,0.9166667,9261,8.49,0.58,GS+GR+y/bV,PHONE
1629245520000,1629245579999,UTC+0900,2021-08-18 09:12:00,2021-08-18 09:12:59.999,13,3,10,2.2103949,5505,12.17,0.71,+ay7UCdop4,WEARABLE
1629245700000,1629245760000,UTC+0900,2021-08-18 09:15:00,2021-08-18 09:16:00.000,7,0,7,1.5431689,3518,5.43,0.31,GS+GR+y/bV,PHONE
1629245820000,1629245880000,UTC+0900,2021-08-18 09:17:00,2021-08-18 09:18:00.000,8,0,8,1.25,4896,6.12,0.35,GS+GR+y/bV,PHONE
1629245880000,1629245939999,UTC+0900,2021-08-18 09:18:00,2021-08-18 09:18:59.999,24,0,24,1.4111537,13272,18.73,1.21,+ay7UCdop4,WEARABLE
1629245880000,1629245940000,UTC+0900,2021-08-18 09:18:00,2021-08-18 09:19:00.000,39,0,39,1.0985911,25987,28.55,1.81,GS+GR+y/bV,PHONE
1629245940000,1629245999999,UTC+0900,2021-08-18 09:19:00,2021-08-18 09:19:59.999,31,0,31,1.4294357,16307,23.31,1.43,+ay7UCdop4,WEARABLE
1629246000000,1629246060000,UTC+0900,2021-08-18 09:20:00,2021-08-18 09:21:00.000,45,0,35,1.3055556,25544,33.35,1.96,GS+GR+y/bV,PHONE
1629246000000,1629246059999,UTC+0900,2021-08-18 09:20:00,2021-08-18 09:20:59.999,2,0,2,1.3333334,1155,1.54,0.08,+ay7UCdop4,WEARABLE
1629246060000,1629246119999,UTC+0900,2021-08-18 09:21:00,2021-08-18 09:21:59.999,10,0,10,1.4444444,5282,7.63,0.44,+ay7UCdop4,WEARABLE
1629246060000,1629246120000,UTC+0900,2021-08-18 09:21:00,2021-08-18 09:22:00.000,65,0,56,1.4444444,33673,48.64,2.73,GS+GR+y/bV,PHONE
1629246120000,1629246180000,UTC+0900,2021-08-18 09:22:00,2021-08-18 09:23:00.000,27,0,27,1.3611112,15134,20.6,1.18,GS+GR+y/bV,PHONE
1629246120000,1629246179999,UTC+0900,2021-08-18 09:22:00,2021-08-18 09:22:59.999,11,0,11,1.75,5051,8.84,0.45,+ay7UCdop4,WEARABLE
1629246180000,1629246240000,UTC+0900,2021-08-18 09:23:00,2021-08-18 09:24:00.000,44,0,44,1.3888888,24300,33.75,1.88,GS+GR+y/bV,PHONE
1629246240000,1629246300000,UTC+0900,2021-08-18 09:24:00,2021-08-18 09:25:00.000,108,0,44,1.6111109,40320,64.96,10.44,GS+GR+y/bV,PHONE
1629246420000,1629246480000,UTC+0900,2021-08-18 09:27:00,2021-08-18 09:28:00.000,86,0,72,1.5833334,40408,63.98,3.55,GS+GR+y/bV,PHONE
1629246480000,1629246540000,UTC+0900,2021-08-18 09:28:00,2021-08-18 09:29:00.000,12,0,12,1.1944444,7484,8.94,0.55,GS+GR+y/bV,PHONE
1629246480000,1629246539999,UTC+0900,2021-08-18 09:28:00,2021-08-18 09:28:59.999,80,0,80,1.576514,38179,60.19,3.45,+ay7UCdop4,WEARABLE
1629246540000,1629246599999,UTC+0900,2021-08-18 09:29:00,2021-08-18 09:29:59.999,4,0,4,1.3888888,2224,3.09,0.17,+ay7UCdop4,WEARABLE
1629246600000,1629246659999,UTC+0900,2021-08-18 09:30:00,2021-08-18 09:30:59.999,13,0,13,1.5,6640,9.96,0.56,+ay7UCdop4,WEARABLE
1629246720000,1629246780000,UTC+0900,2021-08-18 09:32:00,2021-08-18 09:33:00.000,20,0,20,1.0383332,13993,14.529999,0.95,GS+GR+y/bV,PHONE
1629246840000,1629246900000,UTC+0900,2021-08-18 09:34:00,2021-08-18 09:35:00.000,18,0,18,1.1944444,11185,13.36,0.82,GS+GR+y/bV,PHONE
1629246840000,1629246899999,UTC+0900,2021-08-18 09:34:00,2021-08-18 09:34:59.999,15,0,15,1.7222222,6979,12.02,0.6,+ay7UCdop4,WEARABLE
1629246900000,1629246959999,UTC+0900,2021-08-18 09:35:00,2021-08-18 09:35:59.999,11,0,11,1.3611112,5980,8.14,0.48,+ay7UCdop4,WEARABLE
1629246900000,1629246960000,UTC+0900,2021-08-18 09:35:00,2021-08-18 09:36:00.000,7,0,7,0.92055005,5377,4.95,0.33,GS+GR+y/bV,PHONE
1629246960000,1629247019999,UTC+0900,2021-08-18 09:36:00,2021-08-18 09:36:59.999,31,0,31,1.5,16040,24.06,1.38,+ay7UCdop4,WEARABLE
1629248340000,1629248400000,UTC+0900,2021-08-18 09:59:00,2021-08-18 10:00:00.000,27,0,27,1.0833334,18406,19.94,1.25,GS+GR+y/bV,PHONE
1629248460000,1629248519999,UTC+0900,2021-08-18 10:01:00,2021-08-18 10:01:59.999,14,0,14,1.1666666,8854,10.33,0.64,+ay7UCdop4,WEARABLE
1629248520000,1629248580000,UTC+0900,2021-08-18 10:02:00,2021-08-18 10:03:00.000,15,0,15,1.3055556,9712,12.68,0.89,GS+GR+y/bV,PHONE
1629248580000,1629248640000,UTC+0900,2021-08-18 10:03:00,2021-08-18 10:04:00.000,11,0,11,1.3888888,6170,8.57,0.48,GS+GR+y/bV,PHONE
1629248580000,1629248639999,UTC+0900,2021-08-18 10:03:00,2021-08-18 10:03:59.999,11,0,11,1.5833334,5513,8.73,0.44,+ay7UCdop4,WEARABLE
1629248640000,1629248700000,UTC+0900,2021-08-18 10:04:00,2021-08-18 10:05:00.000,8,0,8,0.9166667,6163,5.65,0.38,GS+GR+y/bV,PHONE
1629248700000,1629248759999,UTC+0900,2021-08-18 10:05:00,2021-08-18 10:05:59.999,37,0,37,1.7777778,16093,28.61,1.78,+ay7UCdop4,WEARABLE
1629248940000,1629248999999,UTC+0900,2021-08-18 10:09:00,2021-08-18 10:09:59.999,12,0,12,0.8888889,9224,8.2,0.65,+ay7UCdop4,WEARABLE
1629249000000,1629249060000,UTC+0900,2021-08-18 10:10:00,2021-08-18 10:11:00.000,15,0,15,1.1944444,9326,11.14,0.68,GS+GR+y/bV,PHONE
1629249060000,1629249119999,UTC+0900,2021-08-18 10:11:00,2021-08-18 10:11:59.999,11,0,11,1.2222222,6553,8.01,0.46,+ay7UCdop4,WEARABLE
1629249060000,1629249120000,UTC+0900,2021-08-18 10:11:00,2021-08-18 10:12:00.000,6,0,6,1.2222222,3673,4.49,0.26,GS+GR+y/bV,PHONE
1629249120000,1629249179999,UTC+0900,2021-08-18 10:12:00,2021-08-18 10:12:59.999,16,0,16,1.6388888,7749,12.7,0.65,+ay7UCdop4,WEARABLE
1629249480000,1629249539999,UTC+0900,2021-08-18 10:18:00,2021-08-18 10:18:59.999,21,0,21,1.3487831,11729,15.82,0.91,+ay7UCdop4,WEARABLE
1629249540000,1629249600000,UTC+0900,2021-08-18 10:19:00,2021-08-18 10:20:00.000,60,0,44,1.5289418,27882,42.629986,3.2299988,GS+GR+y/bV,PHONE
1629249600000,1629249660000,UTC+0900,2021-08-18 10:20:00,2021-08-18 10:21:00.000,45,0,45,1.3888888,24840,34.5,1.8,GS+GR+y/bV,PHONE
1629249600000,1629249659999,UTC+0900,2021-08-18 10:20:00,2021-08-18 10:20:59.999,25,0,25,1.5277778,12744,19.47,1.03,+ay7UCdop4,WEARABLE
1629249660000,1629249719999,UTC+0900,2021-08-18 10:21:00,2021-08-18 10:21:59.999,57,0,57,1.4109267,30930,43.64,2.48,+ay7UCdop4,WEARABLE
1629249720000,1629249779999,UTC+0900,2021-08-18 10:22:00,2021-08-18 10:22:59.999,25,4,21,1.7832088,12488,22.27,1.55,+ay7UCdop4,WEARABLE
1629249840000,1629249900000,UTC+0900,2021-08-18 10:24:00,2021-08-18 10:25:00.000,32,0,32,1.4999999,16673,25.01,1.34,GS+GR+y/bV,PHONE
1629249900000,1629249960000,UTC+0900,2021-08-18 10:25:00,2021-08-18 10:26:00.000,73,0,59,1.5833334,34395,54.46,2.94,GS+GR+y/bV,PHONE
1629249960000,1629250020000,UTC+0900,2021-08-18 10:26:00,2021-08-18 10:27:00.000,22,0,22,1.1666666,13988,16.32,1.03,GS+GR+y/bV,PHONE
1629249960000,1629250019999,UTC+0900,2021-08-18 10:26:00,2021-08-18 10:26:59.999,86,0,86,1.4657499,43213,63.34,3.78,+ay7UCdop4,WEARABLE
1629250020000,1629250080000,UTC+0900,2021-08-18 10:27:00,2021-08-18 10:28:00.000,15,0,15,1.2240652,9043,11.07,0.68,GS+GR+y/bV,PHONE
1629250020000,1629250079999,UTC+0900,2021-08-18 10:27:00,2021-08-18 10:27:59.999,43,0,43,1.60317,21276,34.11,1.85,+ay7UCdop4,WEARABLE
1629250080000,1629250139999,UTC+0900,2021-08-18 10:28:00,2021-08-18 10:28:59.999,13,0,13,1.5277778,6584,10.06,0.61,+ay7UCdop4,WEARABLE
1629250140000,1629250200000,UTC+0900,2021-08-18 10:29:00,2021-08-18 10:30:00.000,7,0,7,0.9166667,5389,4.94,0.33,GS+GR+y/bV,PHONE
1629250440000,1629250500000,UTC+0900,2021-08-18 10:34:00,2021-08-18 10:35:00.000,7,0,7,1.2222222,4107,5.02,0.33,GS+GR+y/bV,PHONE
1629251820000,1629251880000,UTC+0900,2021-08-18 10:57:00,2021-08-18 10:58:00.000,6,0,6,0.99999994,4260,4.26,0.28,GS+GR+y/bV,PHONE
1629252060000,1629252120000,UTC+0900,2021-08-18 11:01:00,2021-08-18 11:02:00.000,8,0,8,1.6319425,3921,6.4,0.33999997,GS+GR+y/bV,PHONE
1629252120000,1629252180000,UTC+0900,2021-08-18 11:02:00,2021-08-18 11:03:00.000,30,0,30,1.3611112,16692,22.72,1.24,GS+GR+y/bV,PHONE
1629252240000,1629252299999,UTC+0900,2021-08-18 11:04:00,2021-08-18 11:04:59.999,27,0,27,1.5833334,13465,21.32,1.08,+ay7UCdop4,WEARABLE
1629253500000,1629253560000,UTC+0900,2021-08-18 11:25:00,2021-08-18 11:26:00.000,30,0,30,1.3971133,16562,23.140005,1.23,GS+GR+y/bV,PHONE
1629253560000,1629253620000,UTC+0900,2021-08-18 11:26:00,2021-08-18 11:27:00.000,22,0,22,1.1323003,14404,16.310001,1.03,GS+GR+y/bV,PHONE
1629253560000,1629253619999,UTC+0900,2021-08-18 11:26:00,2021-08-18 11:26:59.999,20,0,20,1.3416641,11463,15.38,0.93,+ay7UCdop4,WEARABLE
1629253620000,1629253679999,UTC+0900,2021-08-18 11:27:00,2021-08-18 11:27:59.999,14,0,14,1.0833334,9267,10.04,0.59,+ay7UCdop4,WEARABLE
1629254280000,1629254340000,UTC+0900,2021-08-18 11:38:00,2021-08-18 11:39:00.000,11,0,11,1.3611112,6200,8.44,0.47,GS+GR+y/bV,PHONE
1629254280000,1629254339999,UTC+0900,2021-08-18 11:38:00,2021-08-18 11:38:59.999,11,0,11,1.6388888,5186,8.5,0.47,+ay7UCdop4,WEARABLE
1629254340000,1629254400000,UTC+0900,2021-08-18 11:39:00,2021-08-18 11:40:00.000,13,0,13,1.1804043,8039,9.49,0.59000003,GS+GR+y/bV,PHONE
1629254460000,1629254520000,UTC+0900,2021-08-18 11:41:00,2021-08-18 11:42:00.000,22,0,22,1.3055556,12577,16.42,0.96,GS+GR+y/bV,PHONE
1629254520000,1629254580000,UTC+0900,2021-08-18 11:42:00,2021-08-18 11:43:00.000,2,0,2,1.3333333,1140,1.52,0.09,GS+GR+y/bV,PHONE
1629254580000,1629254639999,UTC+0900,2021-08-18 11:43:00,2021-08-18 11:43:59.999,20,0,20,1.1944444,12223,14.6,0.84,+ay7UCdop4,WEARABLE
1629254580000,1629254640000,UTC+0900,2021-08-18 11:43:00,2021-08-18 11:44:00.000,7,0,7,1.2777778,4085,5.22,0.31,GS+GR+y/bV,PHONE
1629254640000,1629254700000,UTC+0900,2021-08-18 11:44:00,2021-08-18 11:45:00.000,9,0,9,1.4166666,4969,7.04,0.39,GS+GR+y/bV,PHONE
1629254640000,1629254699999,UTC+0900,2021-08-18 11:44:00,2021-08-18 11:44:59.999,14,0,14,1.1388888,8868,10.1,0.64,+ay7UCdop4,WEARABLE
1629254760000,1629254820000,UTC+0900,2021-08-18 11:46:00,2021-08-18 11:47:00.000,9,0,9,1.2404754,5368,6.66,0.39,GS+GR+y/bV,PHONE
1629255000000,1629255060000,UTC+0900,2021-08-18 11:50:00,2021-08-18 11:51:00.000,6,0,6,1.1944444,3792,4.53,0.27,GS+GR+y/bV,PHONE
1629255060000,1629255120000,UTC+0900,2021-08-18 11:51:00,2021-08-18 11:52:00.000,18,0,18,1.2950623,10694,13.849999,0.79,GS+GR+y/bV,PHONE
1629255120000,1629255180000,UTC+0900,2021-08-18 11:52:00,2021-08-18 11:53:00.000,61,0,50,1.3172779,33895,44.65,2.8799992,GS+GR+y/bV,PHONE
1629255180000,1629255239999,UTC+0900,2021-08-18 11:53:00,2021-08-18 11:53:59.999,50,0,50,1.5,22313,33.47,2.6,+ay7UCdop4,WEARABLE
1629255180000,1629255240000,UTC+0900,2021-08-18 11:53:00,2021-08-18 11:54:00.000,56,0,56,1.253802,33625,42.16,2.45,GS+GR+y/bV,PHONE
1629255240000,1629255300000,UTC+0900,2021-08-18 11:54:00,2021-08-18 11:55:00.000,6,0,6,1.25,3759,4.7,0.27,GS+GR+y/bV,PHONE
1629255240000,1629255299999,UTC+0900,2021-08-18 11:54:00,2021-08-18 11:54:59.999,55,0,55,1.2824954,32631,41.85,2.56,+ay7UCdop4,WEARABLE
1629255300000,1629255359999,UTC+0900,2021-08-18 11:55:00,2021-08-18 11:55:59.999,7,0,7,1.2777778,4100,5.24,0.28,+ay7UCdop4,WEARABLE
1629255360000,1629255419999,UTC+0900,2021-08-18 11:56:00,2021-08-18 11:56:59.999,25,0,25,1.3611112,13804,18.79,1.16,+ay7UCdop4,WEARABLE
1629255420000,1629255479999,UTC+0900,2021-08-18 11:57:00,2021-08-18 11:57:59.999,23,5,18,2.4166667,8656,20.92,1.65,+ay7UCdop4,WEARABLE
1629255420000,1629255480000,UTC+0900,2021-08-18 11:57:00,2021-08-18 11:58:00.000,53,0,21,1.6388888,19171,31.42,2.19,GS+GR+y/bV,PHONE
1629255480000,1629255540000,UTC+0900,2021-08-18 11:58:00,2021-08-18 11:59:00.000,97,0,68,1.7222223,38374,66.09,3.94,GS+GR+y/bV,PHONE
1629255480000,1629255539999,UTC+0900,2021-08-18 11:58:00,2021-08-18 11:58:59.999,10,0,10,1.4722222,5128,7.55,0.5,+ay7UCdop4,WEARABLE
1629255540000,1629255600000,UTC+0900,2021-08-18 11:59:00,2021-08-18 12:00:00.000,70,0,59,1.5555556,34238,53.26,2.98,GS+GR+y/bV,PHONE
1629255600000,1629255660000,UTC+0900,2021-08-18 12:00:00,2021-08-18 12:01:00.000,49,0,39,1.5277778,24388,37.26,2.65,GS+GR+y/bV,PHONE
1629255660000,1629255720000,UTC+0900,2021-08-18 12:01:00,2021-08-18 12:02:00.000,55,0,34,1.5,25880,38.82,3.42,GS+GR+y/bV,PHONE
1629255780000,1629255840000,UTC+0900,2021-08-18 12:03:00,2021-08-18 12:04:00.000,87,0,67,1.4722222,41590,61.23,5.12,GS+GR+y/bV,PHONE
1629255840000,1629255900000,UTC+0900,2021-08-18 12:04:00,2021-08-18 12:05:00.000,95,0,76,1.3333334,50354,67.14,5.08,GS+GR+y/bV,PHONE
1629255900000,1629255960000,UTC+0900,2021-08-18 12:05:00,2021-08-18 12:06:00.000,23,0,23,1.1146027,15261,17.01,1.0999999,GS+GR+y/bV,PHONE
1629255900000,1629255959999,UTC+0900,2021-08-18 12:05:00,2021-08-18 12:05:59.999,49,0,49,1.4233534,25538,36.35,2.42,+ay7UCdop4,WEARABLE
1629255960000,1629256019999,UTC+0900,2021-08-18 12:06:00,2021-08-18 12:06:59.999,51,0,51,1.3611112,26757,36.42,2.59,+ay7UCdop4,WEARABLE
1629256200000,1629256260000,UTC+0900,2021-08-18 12:10:00,2021-08-18 12:11:00.000,91,0,70,1.2703838,49339,62.68,3.73,GS+GR+y/bV,PHONE
1629256200000,1629256259999,UTC+0900,2021-08-18 12:10:00,2021-08-18 12:10:59.999,18,0,18,1.0833334,12000,13.0,0.81,+ay7UCdop4,WEARABLE
1629256260000,1629256319999,UTC+0900,2021-08-18 12:11:00,2021-08-18 12:11:59.999,73,0,73,1.4166666,38195,54.11,3.09,+ay7UCdop4,WEARABLE
1629256260000,1629256320000,UTC+0900,2021-08-18 12:11:00,2021-08-18 12:12:00.000,40,0,40,1.25,23912,29.89,1.8,GS+GR+y/bV,PHONE
1629256320000,1629256380000,UTC+0900,2021-08-18 12:12:00,2021-08-18 12:13:00.000,26,0,26,1.2891119,15212,19.609999,1.1300001,GS+GR+y/bV,PHONE
1629256320000,1629256379999,UTC+0900,2021-08-18 12:12:00,2021-08-18 12:12:59.999,73,0,73,1.4887156,38032,56.62,3.15,+ay7UCdop4,WEARABLE
1629256380000,1629256439999,UTC+0900,2021-08-18 12:13:00,2021-08-18 12:13:59.999,27,0,27,1.5833334,13376,21.18,1.12,+ay7UCdop4,WEARABLE
1629256380000,1629256440000,UTC+0900,2021-08-18 12:13:00,2021-08-18 12:14:00.000,87,0,84,1.2777778,50666,64.74,3.76,GS+GR+y/bV,PHONE
1629256440000,1629256499999,UTC+0900,2021-08-18 12:14:00,2021-08-18 12:14:59.999,67,0,67,1.4457368,35587,51.45,3.01,+ay7UCdop4,WEARABLE
1629256440000,1629256500000,UTC+0900,2021-08-18 12:14:00,2021-08-18 12:15:00.000,48,0,34,1.3007782,24669,32.09,3.0399997,GS+GR+y/bV,PHONE
1629256500000,1629256559999,UTC+0900,2021-08-18 12:15:00,2021-08-18 12:15:59.999,81,0,81,1.2492325,43826,54.75,3.85,+ay7UCdop4,WEARABLE
1629256560000,1629256619999,UTC+0900,2021-08-18 12:16:00,2021-08-18 12:16:59.999,10,0,10,1.6388888,5027,8.24,0.44,+ay7UCdop4,WEARABLE
1629256980000,1629257040000,UTC+0900,2021-08-18 12:23:00,2021-08-18 12:24:00.000,37,0,37,1.175931,23190,27.270002,1.6299999,GS+GR+y/bV,PHONE
1629257340000,1629257400000,UTC+0900,2021-08-18 12:29:00,2021-08-18 12:30:00.000,15,0,15,1.229448,9126,11.22,0.62000006,GS+GR+y/bV,PHONE
1629257400000,1629257460000,UTC+0900,2021-08-18 12:30:00,2021-08-18 12:31:00.000,11,0,11,1.0244764,7721,7.910001,0.53000003,GS+GR+y/bV,PHONE
1629262620000,1629262680000,UTC+0900,2021-08-18 13:57:00,2021-08-18 13:58:00.000,18,0,18,1.2777778,10479,13.39,0.81,GS+GR+y/bV,PHONE
1629262740000,1629262800000,UTC+0900,2021-08-18 13:59:00,2021-08-18 14:00:00.000,15,0,15,1.3289164,8420,11.190001,0.67,GS+GR+y/bV,PHONE
1629262800000,1629262860000,UTC+0900,2021-08-18 14:00:00,2021-08-18 14:01:00.000,81,0,81,1.3600643,45380,61.719994,3.35,GS+GR+y/bV,PHONE
1629262860000,1629262919999,UTC+0900,2021-08-18 14:01:00,2021-08-18 14:01:59.999,51,0,51,1.2777778,29598,37.82,2.22,+ay7UCdop4,WEARABLE
1629262860000,1629262920000,UTC+0900,2021-08-18 14:01:00,2021-08-18 14:02:00.000,15,0,15,1.3055557,8739,11.41,0.66,GS+GR+y/bV,PHONE
1629262920000,1629262980000,UTC+0900,2021-08-18 14:02:00,2021-08-18 14:03:00.000,69,3,58,1.8055556,30804,55.62,3.17,GS+GR+y/bV,PHONE
1629262920000,1629262979999,UTC+0900,2021-08-18 14:02:00,2021-08-18 14:02:59.999,65,0,65,1.5733482,32707,51.46,2.96,+ay7UCdop4,WEARABLE
1629262980000,1629263040000,UTC+0900,2021-08-18 14:03:00,2021-08-18 14:04:00.000,100,0,100,1.4444444,53390,77.12,4.03,GS+GR+y/bV,PHONE
1629262980000,1629263039999,UTC+0900,2021-08-18 14:03:00,2021-08-18 14:03:59.999,76,0,76,1.4906415,39540,58.94,3.31,+ay7UCdop4,WEARABLE
1629263040000,1629263100000,UTC+0900,2021-08-18 14:04:00,2021-08-18 14:05:00.000,116,0,116,1.5073334,60000,90.44,4.64,GS+GR+y/bV,PHONE
1629263040000,1629263099999,UTC+0900,2021-08-18 14:04:00,2021-08-18 14:04:59.999,100,0,100,1.519324,51312,77.96,4.33,+ay7UCdop4,WEARABLE
1629263100000,1629263160000,UTC+0900,2021-08-18 14:05:00,2021-08-18 14:06:00.000,119,0,119,1.5514998,60000,93.09,4.76,GS+GR+y/bV,PHONE
1629263100000,1629263159999,UTC+0900,2021-08-18 14:05:00,2021-08-18 14:05:59.999,122,0,122,1.5896667,60000,95.38,5.37,+ay7UCdop4,WEARABLE
1629263160000,1629263219999,UTC+0900,2021-08-18 14:06:00,2021-08-18 14:06:59.999,116,0,116,1.5277778,59426,90.79,5.13,+ay7UCdop4,WEARABLE
1629263160000,1629263220000,UTC+0900,2021-08-18 14:06:00,2021-08-18 14:07:00.000,115,0,115,1.4895,60000,89.37,4.6,GS+GR+y/bV,PHONE
1629263220000,1629263280000,UTC+0900,2021-08-18 14:07:00,2021-08-18 14:08:00.000,28,0,28,1.25,16768,20.96,1.2,GS+GR+y/bV,PHONE
1629263220000,1629263279999,UTC+0900,2021-08-18 14:07:00,2021-08-18 14:07:59.999,110,0,110,1.5277778,56290,86.0,4.89,+ay7UCdop4,WEARABLE
1629263280000,1629263339999,UTC+0900,2021-08-18 14:08:00,2021-08-18 14:08:59.999,63,0,63,1.4722222,32984,48.56,2.77,+ay7UCdop4,WEARABLE
1629263280000,1629263340000,UTC+0900,2021-08-18 14:08:00,2021-08-18 14:09:00.000,23,0,23,1.3333334,13162,17.55,0.96,GS+GR+y/bV,PHONE
1629263340000,1629263399999,UTC+0900,2021-08-18 14:09:00,2021-08-18 14:09:59.999,41,0,41,1.3055556,23522,30.71,1.81,+ay7UCdop4,WEARABLE
1629263340000,1629263400000,UTC+0900,2021-08-18 14:09:00,2021-08-18 14:10:00.000,48,0,48,1.2777778,28197,36.03,2.03,GS+GR+y/bV,PHONE
1629263400000,1629263459999,UTC+0900,2021-08-18 14:10:00,2021-08-18 14:10:59.999,69,0,69,1.6388888,33242,54.48,3.0,+ay7UCdop4,WEARABLE
1629263400000,1629263460000,UTC+0900,2021-08-18 14:10:00,2021-08-18 14:11:00.000,8,0,8,1.2777778,4883,6.24,0.35,GS+GR+y/bV,PHONE
1629263460000,1629263520000,UTC+0900,2021-08-18 14:11:00,2021-08-18 14:12:00.000,69,0,69,1.2777778,40726,52.04,3.0,GS+GR+y/bV,PHONE
1629263520000,1629263579999,UTC+0900,2021-08-18 14:12:00,2021-08-18 14:12:59.999,91,0,91,1.6388888,44334,72.66,4.04,+ay7UCdop4,WEARABLE
1629263520000,1629263580000,UTC+0900,2021-08-18 14:12:00,2021-08-18 14:13:00.000,60,0,60,1.5,30993,46.49,2.49,GS+GR+y/bV,PHONE
1629263580000,1629263639999,UTC+0900,2021-08-18 14:13:00,2021-08-18 14:13:59.999,49,0,49,1.5,25120,37.68,2.12,+ay7UCdop4,WEARABLE
1629264300000,1629264360000,UTC+0900,2021-08-18 14:25:00,2021-08-18 14:26:00.000,26,0,26,1.1111112,17190,19.1,1.23,GS+GR+y/bV,PHONE
1629264360000,1629264419999,UTC+0900,2021-08-18 14:26:00,2021-08-18 14:26:59.999,24,0,24,1.2222222,14588,17.83,1.05,+ay7UCdop4,WEARABLE
1629264360000,1629264420000,UTC+0900,2021-08-18 14:26:00,2021-08-18 14:27:00.000,60,0,60,1.3055556,34751,45.37,2.56,GS+GR+y/bV,PHONE
1629264420000,1629264480000,UTC+0900,2021-08-18 14:27:00,2021-08-18 14:28:00.000,38,0,38,1.3888888,21081,29.28,1.55,GS+GR+y/bV,PHONE
1629264420000,1629264479999,UTC+0900,2021-08-18 14:27:00,2021-08-18 14:27:59.999,99,0,99,1.4166666,53414,75.67,4.34,+ay7UCdop4,WEARABLE
1629264480000,1629264540000,UTC+0900,2021-08-18 14:28:00,2021-08-18 14:29:00.000,76,0,76,1.4166666,41491,58.78,3.07,GS+GR+y/bV,PHONE
1629264480000,1629264539999,UTC+0900,2021-08-18 14:28:00,2021-08-18 14:28:59.999,41,0,41,1.6666666,19764,32.94,1.83,+ay7UCdop4,WEARABLE
1629264540000,1629264599999,UTC+0900,2021-08-18 14:29:00,2021-08-18 14:29:59.999,52,0,52,1.4722222,27353,40.27,2.17,+ay7UCdop4,WEARABLE
1629264540000,1629264600000,UTC+0900,2021-08-18 14:29:00,2021-08-18 14:30:00.000,109,0,109,1.3901666,60000,83.41,4.36,GS+GR+y/bV,PHONE
1629264600000,1629264660000,UTC+0900,2021-08-18 14:30:00,2021-08-18 14:31:00.000,103,0,103,1.2961665,60000,77.77,4.14,GS+GR+y/bV,PHONE
1629264600000,1629264659999,UTC+0900,2021-08-18 14:30:00,2021-08-18 14:30:59.999,93,0,93,1.4363427,49904,71.68,4.16,+ay7UCdop4,WEARABLE
1629264660000,1629264719999,UTC+0900,2021-08-18 14:31:00,2021-08-18 14:31:59.999,101,0,101,1.3611112,56174,76.46,4.48,+ay7UCdop4,WEARABLE
1629264660000,1629264720000,UTC+0900,2021-08-18 14:31:00,2021-08-18 14:32:00.000,11,0,11,1.1944444,6856,8.19,0.5,GS+GR+y/bV,PHONE
1629264720000,1629264779999,UTC+0900,2021-08-18 14:32:00,2021-08-18 14:32:59.999,52,0,52,1.3333334,29737,39.65,2.21,+ay7UCdop4,WEARABLE
1629264780000,1629264840000,UTC+0900,2021-08-18 14:33:00,2021-08-18 14:34:00.000,82,0,82,1.4722222,43070,63.41,3.32,GS+GR+y/bV,PHONE
1629264840000,1629264899999,UTC+0900,2021-08-18 14:34:00,2021-08-18 14:34:59.999,36,0,36,1.4166666,19588,27.75,1.48,+ay7UCdop4,WEARABLE
1629264840000,1629264900000,UTC+0900,2021-08-18 14:34:00,2021-08-18 14:35:00.000,2,0,2,1.3888888,1101,1.53,0.08,GS+GR+y/bV,PHONE
1629264900000,1629264960000,UTC+0900,2021-08-18 14:35:00,2021-08-18 14:36:00.000,57,0,57,1.6111112,27955,45.04,2.31,GS+GR+y/bV,PHONE
1629264900000,1629264959999,UTC+0900,2021-08-18 14:35:00,2021-08-18 14:35:59.999,35,0,35,1.5609726,17668,27.58,1.53,+ay7UCdop4,WEARABLE
1629264960000,1629265020000,UTC+0900,2021-08-18 14:36:00,2021-08-18 14:37:00.000,99,0,92,1.4444444,52497,75.83,4.02,GS+GR+y/bV,PHONE
1629264960000,1629265019999,UTC+0900,2021-08-18 14:36:00,2021-08-18 14:36:59.999,54,0,54,1.6388888,26206,42.95,2.18,+ay7UCdop4,WEARABLE
1629265020000,1629265080000,UTC+0900,2021-08-18 14:37:00,2021-08-18 14:38:00.000,63,0,44,1.4444444,29976,43.3,3.67,GS+GR+y/bV,PHONE
1629265020000,1629265079999,UTC+0900,2021-08-18 14:37:00,2021-08-18 14:37:59.999,70,0,70,1.4368412,38132,54.79,3.25,+ay7UCdop4,WEARABLE
1629265080000,1629265139999,UTC+0900,2021-08-18 14:38:00,2021-08-18 14:38:59.999,82,0,82,1.4166666,40905,57.95,4.62,+ay7UCdop4,WEARABLE
1629265140000,1629265199999,UTC+0900,2021-08-18 14:39:00,2021-08-18 14:39:59.999,12,0,12,1.3055556,6840,8.93,0.55,+ay7UCdop4,WEARABLE
1629305220000,1629305280000,UTC+0900,2021-08-19 01:47:00,2021-08-19 01:48:00.000,22,0,22,1.3333334,12292,16.39,0.96,GS+GR+y/bV,PHONE
1629305400000,1629305460000,UTC+0900,2021-08-19 01:50:00,2021-08-19 01:51:00.000,10,0,10,1.4444444,5365,7.75,0.43,GS+GR+y/bV,PHONE
1629350820000,1629350880000,UTC+0900,2021-08-19 14:27:00,2021-08-19 14:28:00.000,6,0,6,1.25,3672,4.59,0.27,GS+GR+y/bV,PHONE
1629352920000,1629352980000,UTC+0900,2021-08-19 15:02:00,2021-08-19 15:03:00.000,7,0,7,1.0948384,4594,5.0299997,0.33,GS+GR+y/bV,PHONE
1629355560000,1629355620000,UTC+0900,2021-08-19 15:46:00,2021-08-19 15:47:00.000,62,0,47,1.4625796,30329,44.36,2.65,GS+GR+y/bV,PHONE
1629355620000,1629355680000,UTC+0900,2021-08-19 15:47:00,2021-08-19 15:48:00.000,53,0,52,1.3611112,29402,40.02,2.25,GS+GR+y/bV,PHONE
1629355680000,1629355740000,UTC+0900,2021-08-19 15:48:00,2021-08-19 15:49:00.000,66,0,66,1.4166666,35752,50.65,2.67,GS+GR+y/bV,PHONE
1629370200000,1629370260000,UTC+0900,2021-08-19 19:50:00,2021-08-19 19:51:00.000,20,0,20,1.4444444,11250,16.25,1.02,GS+GR+y/bV,PHONE
1629370260000,1629370320000,UTC+0900,2021-08-19 19:51:00,2021-08-19 19:52:00.000,31,0,31,1.1743997,19397,22.78,1.4099998,GS+GR+y/bV,PHONE
1629370620000,1629370680000,UTC+0900,2021-08-19 19:57:00,2021-08-19 19:58:00.000,12,0,12,1.5228767,6185,9.42,0.52,GS+GR+y/bV,PHONE
1629371100000,1629371160000,UTC+0900,2021-08-19 20:05:00,2021-08-19 20:06:00.000,6,0,6,1.3333334,3479,4.64,0.27,GS+GR+y/bV,PHONE
1629373140000,1629373200000,UTC+0900,2021-08-19 20:39:00,2021-08-19 20:40:00.000,7,0,7,1.3333334,4065,5.42,0.31,GS+GR+y/bV,PHONE
1629377640000,1629377700000,UTC+0900,2021-08-19 21:54:00,2021-08-19 21:55:00.000,7,0,7,1.3992286,3709,5.1899996,0.31,GS+GR+y/bV,PHONE
1629380760000,1629380820000,UTC+0900,2021-08-19 22:46:00,2021-08-19 22:47:00.000,28,0,28,1.2469975,17064,21.279999,1.2199999,GS+GR+y/bV,PHONE
1629383280000,1629383339999,UTC+0900,2021-08-19 23:28:00,2021-08-19 23:28:59.999,35,0,35,0.8611111,27638,23.8,1.85,+ay7UCdop4,WEARABLE
1629383460000,1629383519999,UTC+0900,2021-08-19 23:31:00,2021-08-19 23:31:59.999,30,0,30,0.8611111,23690,20.4,1.38,+ay7UCdop4,WEARABLE
1629383520000,1629383579999,UTC+0900,2021-08-19 23:32:00,2021-08-19 23:32:59.999,48,0,48,0.8611111,37904,32.64,2.4,+ay7UCdop4,WEARABLE
1629383580000,1629383639999,UTC+0900,2021-08-19 23:33:00,2021-08-19 23:33:59.999,31,0,31,0.8611111,24479,21.08,1.51,+ay7UCdop4,WEARABLE
1629383700000,1629383759999,UTC+0900,2021-08-19 23:35:00,2021-08-19 23:35:59.999,26,0,26,0.8611111,20531,17.68,1.23,+ay7UCdop4,WEARABLE
1629383760000,1629383819999,UTC+0900,2021-08-19 23:36:00,2021-08-19 23:36:59.999,11,0,11,0.8611111,8686,7.48,0.55,+ay7UCdop4,WEARABLE
1629384060000,1629384119999,UTC+0900,2021-08-19 23:41:00,2021-08-19 23:41:59.999,10,0,10,0.8611111,7896,6.8,0.46,+ay7UCdop4,WEARABLE
1629384120000,1629384179999,UTC+0900,2021-08-19 23:42:00,2021-08-19 23:42:59.999,30,0,30,0.8611111,23690,20.4,1.4,+ay7UCdop4,WEARABLE
1629384180000,1629384239999,UTC+0900,2021-08-19 23:43:00,2021-08-19 23:43:59.999,43,0,43,0.8611111,33956,29.24,2.06,+ay7UCdop4,WEARABLE
1629384240000,1629384299999,UTC+0900,2021-08-19 23:44:00,2021-08-19 23:44:59.999,7,0,7,0.8611111,5527,4.76,0.32,+ay7UCdop4,WEARABLE
1629384540000,1629384599999,UTC+0900,2021-08-19 23:49:00,2021-08-19 23:49:59.999,22,0,22,0.8611111,17372,14.96,1.03,+ay7UCdop4,WEARABLE
1629384600000,1629384659999,UTC+0900,2021-08-19 23:50:00,2021-08-19 23:50:59.999,37,0,37,0.8611111,29218,25.16,1.73,+ay7UCdop4,WEARABLE
1629384600000,1629384660000,UTC+0900,2021-08-19 23:50:00,2021-08-19 23:51:00.000,84,0,70,1.3478281,45124,60.819984,3.4899988,GS+GR+y/bV,PHONE
1629384660000,1629384720000,UTC+0900,2021-08-19 23:51:00,2021-08-19 23:52:00.000,83,0,65,1.3369888,43680,58.400005,4.58,GS+GR+y/bV,PHONE
1629384660000,1629384719999,UTC+0900,2021-08-19 23:51:00,2021-08-19 23:51:59.999,16,0,16,0.8611111,12634,10.88,0.77,+ay7UCdop4,WEARABLE
1629384720000,1629384780000,UTC+0900,2021-08-19 23:52:00,2021-08-19 23:53:00.000,49,0,49,1.5277778,25213,38.52,2.14,GS+GR+y/bV,PHONE
1629384780000,1629384840000,UTC+0900,2021-08-19 23:53:00,2021-08-19 23:54:00.000,27,0,27,1.2777778,15926,20.35,1.19,GS+GR+y/bV,PHONE
1629384840000,1629384900000,UTC+0900,2021-08-19 23:54:00,2021-08-19 23:55:00.000,7,0,7,0.9444444,5304,5.01,0.33,GS+GR+y/bV,PHONE
1629385140000,1629385199999,UTC+0900,2021-08-19 23:59:00,2021-08-19 23:59:59.999,46,0,46,0.8611111,36325,31.28,2.2,+ay7UCdop4,WEARABLE
1629385200000,1629385259999,UTC+0900,2021-08-20 00:00:00,2021-08-20 00:00:59.999,9,0,9,0.8611111,7107,6.12,0.42,+ay7UCdop4,WEARABLE
1629385440000,1629385499999,UTC+0900,2021-08-20 00:04:00,2021-08-20 00:04:59.999,10,0,10,0.8611111,7896,6.8,0.46,+ay7UCdop4,WEARABLE
1629385740000,1629385799999,UTC+0900,2021-08-20 00:09:00,2021-08-20 00:09:59.999,27,0,27,0.8611111,21321,18.36,1.25,+ay7UCdop4,WEARABLE
1629386160000,1629386219999,UTC+0900,2021-08-20 00:16:00,2021-08-20 00:16:59.999,28,0,28,0.8611111,22110,19.04,1.32,+ay7UCdop4,WEARABLE
1629386220000,1629386279999,UTC+0900,2021-08-20 00:17:00,2021-08-20 00:17:59.999,22,0,22,0.8611111,17372,14.96,1.03,+ay7UCdop4,WEARABLE
1629386280000,1629386339999,UTC+0900,2021-08-20 00:18:00,2021-08-20 00:18:59.999,37,0,37,0.8611111,29218,25.16,1.79,+ay7UCdop4,WEARABLE
1629388560000,1629388619999,UTC+0900,2021-08-20 00:56:00,2021-08-20 00:56:59.999,10,0,10,0.8611111,7896,6.8,0.46,+ay7UCdop4,WEARABLE
1629388620000,1629388679999,UTC+0900,2021-08-20 00:57:00,2021-08-20 00:57:59.999,20,0,20,0.8611111,15793,13.6,0.96,+ay7UCdop4,WEARABLE
1629388680000,1629388740000,UTC+0900,2021-08-20 00:58:00,2021-08-20 00:59:00.000,7,0,7,1.1111112,4509,5.01,0.33,GS+GR+y/bV,PHONE
1629388800000,1629388859999,UTC+0900,2021-08-20 01:00:00,2021-08-20 01:00:59.999,10,0,10,0.8611111,7896,6.8,0.46,+ay7UCdop4,WEARABLE
1629388800000,1629388860000,UTC+0900,2021-08-20 01:00:00,2021-08-20 01:01:00.000,7,0,7,0.9959904,5130,5.1099997,0.32000002,GS+GR+y/bV,PHONE
1629388980000,1629389039999,UTC+0900,2021-08-20 01:03:00,2021-08-20 01:03:59.999,10,0,10,0.8611111,7896,6.8,0.46,+ay7UCdop4,WEARABLE
1629389040000,1629389099999,UTC+0900,2021-08-20 01:04:00,2021-08-20 01:04:59.999,10,0,10,0.8611111,7896,6.8,0.46,+ay7UCdop4,WEARABLE
1629389100000,1629389159999,UTC+0900,2021-08-20 01:05:00,2021-08-20 01:05:59.999,29,0,29,0.8611111,22900,19.72,1.35,+ay7UCdop4,WEARABLE
1629389160000,1629389219999,UTC+0900,2021-08-20 01:06:00,2021-08-20 01:06:59.999,45,0,45,0.8611111,35535,30.6,2.16,+ay7UCdop4,WEARABLE
1629389220000,1629389279999,UTC+0900,2021-08-20 01:07:00,2021-08-20 01:07:59.999,47,0,47,0.8611111,37114,31.96,2.29,+ay7UCdop4,WEARABLE
1629395940000,1629395999999,UTC+0900,2021-08-20 02:59:00,2021-08-20 02:59:59.999,17,0,17,0.8611111,13424,11.56,0.81,+ay7UCdop4,WEARABLE
1629396300000,1629396359999,UTC+0900,2021-08-20 03:05:00,2021-08-20 03:05:59.999,23,0,23,0.8611111,18162,15.64,1.09,+ay7UCdop4,WEARABLE
1629396360000,1629396419999,UTC+0900,2021-08-20 03:06:00,2021-08-20 03:06:59.999,7,0,7,0.8611111,5527,4.76,0.32,+ay7UCdop4,WEARABLE
1629396480000,1629396539999,UTC+0900,2021-08-20 03:08:00,2021-08-20 03:08:59.999,19,0,19,0.8611111,15003,12.92,0.92,+ay7UCdop4,WEARABLE
1629396540000,1629396599999,UTC+0900,2021-08-20 03:09:00,2021-08-20 03:09:59.999,26,0,26,0.8611111,20531,17.68,1.24,+ay7UCdop4,WEARABLE
1629396600000,1629396659999,UTC+0900,2021-08-20 03:10:00,2021-08-20 03:10:59.999,20,0,20,0.8611111,15793,13.6,0.97,+ay7UCdop4,WEARABLE
1629396660000,1629396719999,UTC+0900,2021-08-20 03:11:00,2021-08-20 03:11:59.999,14,0,14,0.8611111,11055,9.52,0.67,+ay7UCdop4,WEARABLE
1629396780000,1629396839999,UTC+0900,2021-08-20 03:13:00,2021-08-20 03:13:59.999,7,0,7,0.8611111,5527,4.76,0.32,+ay7UCdop4,WEARABLE
1629398100000,1629398159999,UTC+0900,2021-08-20 03:35:00,2021-08-20 03:35:59.999,35,0,35,0.8611111,27638,23.8,1.68,+ay7UCdop4,WEARABLE
1629398160000,1629398219999,UTC+0900,2021-08-20 03:36:00,2021-08-20 03:36:59.999,21,0,21,0.8611111,16583,14.28,0.99,+ay7UCdop4,WEARABLE
1629439200000,1629439260000,UTC+0900,2021-08-20 15:00:00,2021-08-20 15:01:00.000,16,0,16,1.3339497,9123,12.17,0.6600001,GS+GR+y/bV,PHONE
1629440340000,1629440400000,UTC+0900,2021-08-20 15:19:00,2021-08-20 15:20:00.000,6,0,6,1.2222222,3706,4.53,0.27,GS+GR+y/bV,PHONE
1629442740000,1629442800000,UTC+0900,2021-08-20 15:59:00,2021-08-20 16:00:00.000,7,0,7,1.1111112,4500,5.0,0.33,GS+GR+y/bV,PHONE
1629442800000,1629442860000,UTC+0900,2021-08-20 16:00:00,2021-08-20 16:01:00.000,14,0,14,1.2035099,8658,10.419999,0.62,GS+GR+y/bV,PHONE
1629444120000,1629444180000,UTC+0900,2021-08-20 16:22:00,2021-08-20 16:23:00.000,7,0,7,1.1779497,4431,5.22,0.31,GS+GR+y/bV,PHONE
1629453720000,1629453780000,UTC+0900,2021-08-20 19:02:00,2021-08-20 19:03:00.000,15,0,15,1.2115251,9211,11.159998,0.69000006,GS+GR+y/bV,PHONE
1629456600000,1629456660000,UTC+0900,2021-08-20 19:50:00,2021-08-20 19:51:00.000,12,0,12,1.170026,7563,8.85,0.54,GS+GR+y/bV,PHONE
1629456660000,1629456720000,UTC+0900,2021-08-20 19:51:00,2021-08-20 19:52:00.000,98,0,82,1.4086971,50365,70.95,4.0599995,GS+GR+y/bV,PHONE
1629456720000,1629456780000,UTC+0900,2021-08-20 19:52:00,2021-08-20 19:53:00.000,56,0,40,1.3333334,29114,38.82,3.41,GS+GR+y/bV,PHONE
1629498660000,1629498720000,UTC+0900,2021-08-21 07:31:00,2021-08-21 07:32:00.000,15,0,15,1.25,9080,11.35,0.67,GS+GR+y/bV,PHONE
1629499980000,1629500040000,UTC+0900,2021-08-21 07:53:00,2021-08-21 07:54:00.000,16,0,16,1.1908362,9766,11.629999,0.70000005,GS+GR+y/bV,PHONE
1629500040000,1629500100000,UTC+0900,2021-08-21 07:54:00,2021-08-21 07:55:00.000,10,0,10,1.5,5246,7.87,0.43,GS+GR+y/bV,PHONE
1629519180000,1629519240000,UTC+0900,2021-08-21 13:13:00,2021-08-21 13:14:00.000,8,0,8,1.259455,4756,5.99,0.36,GS+GR+y/bV,PHONE
1629519720000,1629519780000,UTC+0900,2021-08-21 13:22:00,2021-08-21 13:23:00.000,12,0,12,1.1427876,7779,8.89,0.53000003,GS+GR+y/bV,PHONE
1629547980000,1629548040000,UTC+0900,2021-08-21 21:13:00,2021-08-21 21:14:00.000,24,0,24,1.1111112,15660,17.4,1.14,GS+GR+y/bV,PHONE
1629554280000,1629554340000,UTC+0900,2021-08-21 22:58:00,2021-08-21 22:59:00.000,14,0,14,1.0555557,9596,10.13,0.6,GS+GR+y/bV,PHONE
1629554580000,1629554640000,UTC+0900,2021-08-21 23:03:00,2021-08-21 23:04:00.000,23,0,23,1.4013374,12395,17.37,0.9500002,GS+GR+y/bV,PHONE
1629555420000,1629555480000,UTC+0900,2021-08-21 23:17:00,2021-08-21 23:18:00.000,25,0,25,1.1428223,16196,18.51,1.13,GS+GR+y/bV,PHONE
1629558480000,1629558540000,UTC+0900,2021-08-22 00:08:00,2021-08-22 00:09:00.000,15,0,15,1.4444444,8030,11.6,0.66,GS+GR+y/bV,PHONE
1629602160000,1629602220000,UTC+0900,2021-08-22 12:16:00,2021-08-22 12:17:00.000,60,0,60,1.101387,39831,43.87,2.63,GS+GR+y/bV,PHONE
1629602640000,1629602700000,UTC+0900,2021-08-22 12:24:00,2021-08-22 12:25:00.000,27,0,27,1.0555556,18663,19.7,1.32,GS+GR+y/bV,PHONE
1629602700000,1629602760000,UTC+0900,2021-08-22 12:25:00,2021-08-22 12:26:00.000,44,0,44,1.2825471,25893,33.210003,1.8499994,GS+GR+y/bV,PHONE
1629606180000,1629606240000,UTC+0900,2021-08-22 13:23:00,2021-08-22 13:24:00.000,15,0,15,1.2776973,8820,11.27,0.62000006,GS+GR+y/bV,PHONE
1629609720000,1629609780000,UTC+0900,2021-08-22 14:22:00,2021-08-22 14:23:00.000,6,0,6,1.3888888,3254,4.52,0.27,GS+GR+y/bV,PHONE
1629611460000,1629611520000,UTC+0900,2021-08-22 14:51:00,2021-08-22 14:52:00.000,6,0,6,1.1388888,3872,4.41,0.27,GS+GR+y/bV,PHONE
1629620640000,1629620700000,UTC+0900,2021-08-22 17:24:00,2021-08-22 17:25:00.000,83,0,64,1.3182223,43809,57.75,3.59,GS+GR+y/bV,PHONE
1629620700000,1629620760000,UTC+0900,2021-08-22 17:25:00,2021-08-22 17:26:00.000,24,0,24,1.2222222,14579,17.82,1.05,GS+GR+y/bV,PHONE
1629620760000,1629620820000,UTC+0900,2021-08-22 17:26:00,2021-08-22 17:27:00.000,51,0,35,1.3053197,26407,34.469997,3.1100006,GS+GR+y/bV,PHONE
1629620820000,1629620880000,UTC+0900,2021-08-22 17:27:00,2021-08-22 17:28:00.000,6,0,6,0.9444444,4531,4.28,0.28,GS+GR+y/bV,PHONE
1629623880000,1629623940000,UTC+0900,2021-08-22 18:18:00,2021-08-22 18:19:00.000,26,0,25,1.2589623,15481,19.49,1.08,GS+GR+y/bV,PHONE
1629623940000,1629624000000,UTC+0900,2021-08-22 18:19:00,2021-08-22 18:20:00.000,23,0,24,1.4395921,12329,17.75,0.9300001,GS+GR+y/bV,PHONE
1629624240000,1629624300000,UTC+0900,2021-08-22 18:24:00,2021-08-22 18:25:00.000,22,0,22,1.0277778,15227,15.65,1.06,GS+GR+y/bV,PHONE
1629627840000,1629627900000,UTC+0900,2021-08-22 19:24:00,2021-08-22 19:25:00.000,18,0,18,1.0712378,12312,13.189999,0.8500001,GS+GR+y/bV,PHONE
1629628620000,1629628680000,UTC+0900,2021-08-22 19:37:00,2021-08-22 19:38:00.000,6,0,6,1.7222222,2775,4.78,0.27,GS+GR+y/bV,PHONE
1629630780000,1629630840000,UTC+0900,2021-08-22 20:13:00,2021-08-22 20:14:00.000,21,0,21,1.444507,11097,16.029999,0.93,GS+GR+y/bV,PHONE
1629630840000,1629630900000,UTC+0900,2021-08-22 20:14:00,2021-08-22 20:15:00.000,42,0,42,1.309333,24333,31.859999,1.8399998,GS+GR+y/bV,PHONE
1629631200000,1629631260000,UTC+0900,2021-08-22 20:20:00,2021-08-22 20:21:00.000,42,0,42,1.2222222,25609,31.3,1.82,GS+GR+y/bV,PHONE
1629631260000,1629631320000,UTC+0900,2021-08-22 20:21:00,2021-08-22 20:22:00.000,17,0,17,1.25,10224,12.78,0.72,GS+GR+y/bV,PHONE
1629644940000,1629645000000,UTC+0900,2021-08-23 00:09:00,2021-08-23 00:10:00.000,26,0,26,1.3122599,15126,19.85,1.11,GS+GR+y/bV,PHONE
1629698580000,1629698640000,UTC+0900,2021-08-23 15:03:00,2021-08-23 15:04:00.000,15,0,15,1.4225631,7915,11.26,0.62000006,GS+GR+y/bV,PHONE
1629710280000,1629710340000,UTC+0900,2021-08-23 18:18:00,2021-08-23 18:19:00.000,17,0,17,1.349384,9493,12.81,0.7000001,GS+GR+y/bV,PHONE
1629711660000,1629711720000,UTC+0900,2021-08-23 18:41:00,2021-08-23 18:42:00.000,8,0,8,1.4166666,4284,6.07,0.35,GS+GR+y/bV,PHONE
1629712020000,1629712080000,UTC+0900,2021-08-23 18:47:00,2021-08-23 18:48:00.000,6,0,6,1.0277778,4222,4.34,0.28,GS+GR+y/bV,PHONE
